filename,K0,K1,K2,N0,N1,N2,P0,P1
clay-83_jpg.rf.d2b4fa28719071b9b338c74daef3bdc8.jpg,0,0,1,0,0,1,0,1
sandy-80_jpg.rf.4ae56ecb9d34a274587a04ed09419d4b.jpg,1,0,0,1,0,0,1,0
clay-85_jpg.rf.f04f3e05b53276a24caaa8acdcd21650.jpg,0,0,1,0,0,1,0,1
clay-8_png.rf.ff38a0b6921af470fec8edecf63d6d19.jpg,0,0,1,0,0,1,0,1
loamy-79_jpg.rf.cc8a1ea5a3f7e7f809d16040ae829594.jpg,0,0,1,0,0,1,0,1
laterite-83_jpeg.rf.19ba4c93ea76f63475163e2d6c420c6a.jpg,1,0,0,1,0,0,1,0
sandy-27_png.rf.cf396f0471c4a07d925a70770f7bb82e.jpg,1,0,0,1,0,0,1,0
sandy-loam-35_jpg.rf.6b09209b5086f0922e9aa630ce18d443.jpg,0,1,0,1,0,0,0,1
sandy-25_png.rf.5774831b9d8ec68c14ae0fbbb5aaf905.jpg,1,0,0,1,0,0,1,0
sandy-loam-68_jpg.rf.0fa7bc045e1eab5b18899aaa11255035.jpg,0,1,0,1,0,0,0,1
loamy-90_jpg.rf.a2bb4646bb8935ab2688a437dc514f7c.jpg,0,0,1,0,0,1,0,1
loamy-9_jpg.rf.2880a178abee94704f0c4cdfabbd766a.jpg,0,0,1,0,0,1,0,1
sandy-loam-28_jpg.rf.b6ff7a46d46d5aab95a028d64862f0e9.jpg,0,1,0,1,0,0,0,1
sandy-loam-67_jpg.rf.aa949a0e0006a9668a5233757735573d.jpg,0,1,0,1,0,0,0,1
sandy-loam-37_jpg.rf.42f97dc3fa3e2d2bba4eb2b9a0b5d2ed.jpg,0,1,0,1,0,0,0,1
laterite-76_jpg.rf.12cec4937d2afb1c41f4cdc9c324cc92.jpg,1,0,0,1,0,0,1,0
laterite-33_jpg.rf.b8f571706b3a3638ad71368ead1a44fc.jpg,1,0,0,1,0,0,1,0
sandy-loam-46_jpg.rf.c02d77e0486c74f841beb4ef761af97a.jpg,0,1,0,1,0,0,0,1
laterite-35_jpg.rf.a3721c6fce09558e0adb9aed63f09d60.jpg,1,0,0,1,0,0,1,0
laterite-34_jpg.rf.0c24981e396c1f56aff0d97c621e503c.jpg,1,0,0,1,0,0,1,0
laterite-87_jpg.rf.4b4a3d6537e287b6efa722a69ddb6d0d.jpg,1,0,0,1,0,0,1,0
sandy-24_png.rf.35adb3bea8e5a2c469951210d577b7c4.jpg,1,0,0,1,0,0,1,0
sandy-loam-38_jpg.rf.6a7d526fe583dccbd551c465d24c764a.jpg,0,1,0,1,0,0,0,1
loamy-89_jpg.rf.a475800c68ec3d67cc94f685f09d3a82.jpg,0,0,1,0,0,1,0,1
laterite-98_jpg.rf.976808405a7ef91127d6618293d59e32.jpg,1,0,0,1,0,0,1,0
sandy-loam-15_png.rf.f7721aa5c7210ef8c9be9156ec05b247.jpg,0,1,0,1,0,0,0,1
sandy-2_png.rf.0f4b9817ad3a4442e9835772a2924915.jpg,1,0,0,1,0,0,1,0
sandy-loam-44_jpg.rf.225f0d4b8484db6fd3cf215aef98b408.jpg,0,1,0,1,0,0,0,1
sandy-loam-16_png.rf.e88d2d83d6b6d61e7b662f1c0744000a.jpg,0,1,0,1,0,0,0,1
sandy-loam-40_jpg.rf.5d85d35a1db74e7a1fd5ad8cc92e2c91.jpg,0,1,0,1,0,0,0,1
sandy-loam-11_png.rf.7f7fce067442ce5d7fd5143ccc6c5cbd.jpg,0,1,0,1,0,0,0,1
laterite-36_jpg.rf.a4372949adabe183fba5fc952f3315c3.jpg,1,0,0,1,0,0,1,0
sandy-loam-69_jpg.rf.5add4ba212541be7138deb9417e6e12c.jpg,0,1,0,1,0,0,0,1
sandy-loam-34_jpg.rf.5961225ce133d378b89d9243b36ab1a7.jpg,0,1,0,1,0,0,0,1
laterite-23_png.rf.faf7a46e0683f7471c42555726924823.jpg,1,0,0,1,0,0,1,0
sandy-loam-26_png.rf.c28ed4d622b5057574419997499e4666.jpg,0,1,0,1,0,0,0,1
laterite-29_png.rf.e9a19dd9d721f3c0049e8883a4b1ca04.jpg,1,0,0,1,0,0,1,0
sandy-loam-39_jpg.rf.e5d9ba843f42157a1e941cf265b40bf2.jpg,0,1,0,1,0,0,0,1
laterite-99_jpg.rf.d384e720b4233a1ccfe922f2121cb678.jpg,1,0,0,1,0,0,1,0
laterite-16_png.rf.d8efb8cf2c80aa4c29278cbda4023ca8.jpg,1,0,0,1,0,0,1,0
sandy-loam-32_jpg.rf.9a18c946119305b079d4aa45830f960a.jpg,0,1,0,1,0,0,0,1
laterite-38_jpg.rf.f2f5deec485fc40d067bf4e777276933.jpg,1,0,0,1,0,0,1,0
sandy-loam-71_png.rf.8cf43f3ee706ccd76ce9ee4a44578729.jpg,0,1,0,1,0,0,0,1
sandy-loam-76_png.rf.953422a9cf154d8ff79e51a2b3bab1ee.jpg,0,1,0,1,0,0,0,1
sandy-loam-20_png.rf.e5c03393e7bb79a57194f737438b32e5.jpg,0,1,0,1,0,0,0,1
laterite-32_jpg.rf.1a4b3ce48d90477f518f089a4b36e5fa.jpg,1,0,0,1,0,0,1,0
sandy-31_png.rf.5a1fd22a5cd8cf1aff1adde028612adf.jpg,1,0,0,1,0,0,1,0
sandy-loam-17_png.rf.55f056a216aaccfab1e7370b16a2245d.jpg,0,1,0,1,0,0,0,1
laterite-97_jpg.rf.f4e7835ee06984f18a9cbd9350799bc7.jpg,1,0,0,1,0,0,1,0
laterite-37_jpg.rf.43fb82b98d9b742df68ccf312bb9d7a0.jpg,1,0,0,1,0,0,1,0
clay-10_png.rf.356cb7ddd08343af7b271c4356ea94dc.jpg,0,0,1,0,0,1,0,1
laterite-48_jpg.rf.7d4c84e3c74cd7ee17b7d83e5d7992d8.jpg,1,0,0,1,0,0,1,0
laterite-30_jpg.rf.59308d2e3337c50468bb680b81ec2b25.jpg,1,0,0,1,0,0,1,0
sandy-loam-78_png.rf.d74ed299675062f74c74278edede710e.jpg,0,1,0,1,0,0,0,1
sandy-loam-75_png.rf.84a21c416b62b59ce951cfaba309c9ea.jpg,0,1,0,1,0,0,0,1
clay-25_png.rf.c16f442d01df58e85fc15f6caf9414a3.jpg,0,0,1,0,0,1,0,1
laterite-38_jpg.rf.0557aa812aa476db206b2ae247e1ab05.jpg,1,0,0,1,0,0,1,0
sandy-loam-72_png.rf.a1d730746cfc37bffb8e7df12bae1c97.jpg,0,1,0,1,0,0,0,1
laterite-26_png.rf.3cd39b67cf1e9990ca4e688433fc4286.jpg,1,0,0,1,0,0,1,0
clay-24_png.rf.304b7f1045ff014d8e721906828e5922.jpg,0,0,1,0,0,1,0,1
clay-11_png.rf.faaa9eaa037efc8001bd712ff19c8af5.jpg,0,0,1,0,0,1,0,1
sandy-loam-70_jpg.rf.ce770ce8bd9022869a86dac945b82ee7.jpg,0,1,0,1,0,0,0,1
sandy-loam-25_png.rf.ba4dca2bb261713c8d357ae4e664e224.jpg,0,1,0,1,0,0,0,1
laterite-58_jpg.rf.419063829e5afbc92a6892d882c36f7a.jpg,1,0,0,1,0,0,1,0
laterite-5_png.rf.e50aaf7fc6cd305a1b39835ca0f5ca54.jpg,1,0,0,1,0,0,1,0
laterite-28_png.rf.befa2b51ce0d6eee692e23bee2dc4dea.jpg,1,0,0,1,0,0,1,0
sandy-loam-16_png.rf.124f09170dc90ba9d9a7176108f18876.jpg,0,1,0,1,0,0,0,1
clay-12_png.rf.d53a1764d7b2fc162cfd7e9a0e07e943.jpg,0,0,1,0,0,1,0,1
sandy-loam-100_png.rf.77e21972e63ea0c1c1d6f9d8c9cfc6c3.jpg,0,1,0,1,0,0,0,1
laterite-39_jpg.rf.23bffe6d377955123fc7ceea8bce5144.jpg,1,0,0,1,0,0,1,0
sandy-loam-13_png.rf.1809c18c0060e447ee22bed6efe8dabc.jpg,0,1,0,1,0,0,0,1
sandy-loam-83_jpg.rf.a37693811c78e1aee31c1230744613d9.jpg,0,1,0,1,0,0,0,1
laterite-3_png.rf.435690c4db8434dc0eac4472dced782d.jpg,1,0,0,1,0,0,1,0
sandy-loam-77_png.rf.a61ca95a96cb189b9fe0d6ccd6af958a.jpg,0,1,0,1,0,0,0,1
clay-100_jpg.rf.04539feb69f25e179e3655e3453c4e52.jpg,0,0,1,0,0,1,0,1
sandy-loam-10_png.rf.b475769cca1c57e7600b8e1f9fa788d8.jpg,0,1,0,1,0,0,0,1
laterite-31_jpg.rf.fab446f2e97b0de8ba23f65115779497.jpg,1,0,0,1,0,0,1,0
sandy-15_png.rf.83a4742292d895d8c45c4352723b91fd.jpg,1,0,0,1,0,0,1,0
laterite-54_jpg.rf.fe862b3581f05d6119b6bf723b52802b.jpg,1,0,0,1,0,0,1,0
sandy-loam-85_png.rf.02c5cd03c46f2a258a90cf0e3e39160f.jpg,0,1,0,1,0,0,0,1
laterite-54_jpg.rf.7ac633feba51b6ae7ecaca77c0eda090.jpg,1,0,0,1,0,0,1,0
laterite-56_jpg.rf.9eaa6c0274cd60a4b7f126abc8204b08.jpg,1,0,0,1,0,0,1,0
laterite-6_png.rf.7227761a02b1aded33e6e4981586b2ba.jpg,1,0,0,1,0,0,1,0
sandy-loam-30_jpg.rf.f45fb07c83534f7d22f56de85d477be1.jpg,0,1,0,1,0,0,0,1
sandy-loam-82_png.rf.ca348789feb9e19f2cb269a5b9e2aa4e.jpg,0,1,0,1,0,0,0,1
laterite-50_jpg.rf.874fc626decffa1fb5b7d45651fb0420.jpg,1,0,0,1,0,0,1,0
sandy-loam-18_png.rf.0a78aa4a067c66f127163df6004110f7.jpg,0,1,0,1,0,0,0,1
sandy-loam-79_png.rf.b21d235c5477ced7863f723a52d8977a.jpg,0,1,0,1,0,0,0,1
sandy-loam-68_jpg.rf.df2f5996c4a52dba81ebfa69c51ba86b.jpg,0,1,0,1,0,0,0,1
sandy-loam-80_png.rf.32772ec6d7f341664674deb79b75b0ab.jpg,0,1,0,1,0,0,0,1
sandy-loam-14_png.rf.2a21988b75af8c00c72a72ec434e86c4.jpg,0,1,0,1,0,0,0,1
laterite-61_jpeg.rf.22c9ce5211454fe657bb768e919f8819.jpg,1,0,0,1,0,0,1,0
sandy-loam-67_jpg.rf.68c1535b271f951149165a9e1e7b444a.jpg,0,1,0,1,0,0,0,1
loamy-88_jpg.rf.fe14d93bce5728b3e861a382eb84e1f1.jpg,0,0,1,0,0,1,0,1
sandy-loam-59_jpg.rf.4c2883cd219fb2ae2e61c3f8ff55da01.jpg,0,1,0,1,0,0,0,1
sandy-loam-66_jpg.rf.cfe14affa966483fda89d6d139c2629c.jpg,0,1,0,1,0,0,0,1
sandy-loam-33_jpg.rf.11d4ea3bd6c3aa2f7ff610403f4f4e50.jpg,0,1,0,1,0,0,0,1
sandy-loam-81_png.rf.bab09a6b42dc58e44d15cf90cfb08476.jpg,0,1,0,1,0,0,0,1
sandy-loam-64_jpg.rf.286a37ca79a47a0ea7c9b44194a8febb.jpg,0,1,0,1,0,0,0,1
laterite-69_jpg.rf.0bb8edf639029cf932773e2117021489.jpg,1,0,0,1,0,0,1,0
laterite-62_jpg.rf.a49e92f117808834f1486235d6888d50.jpg,1,0,0,1,0,0,1,0
laterite-27_png.rf.73e1c80d8b8b0950e733f72c872a37f9.jpg,1,0,0,1,0,0,1,0
sandy-loam-60_jpg.rf.271599e75f50351bffd0554022a3023c.jpg,0,1,0,1,0,0,0,1
laterite-60_jpeg.rf.380514054e21a610f2dff624ee9f1579.jpg,1,0,0,1,0,0,1,0
laterite-72_jpg.rf.7cb0bd76be66afac5f4905bdb82d8761.jpg,1,0,0,1,0,0,1,0
sandy-16_png.rf.c920567bc826f5483edeb4b20d76980b.jpg,1,0,0,1,0,0,1,0
sandy-loam-34_jpg.rf.d6c7bb40f83ec21d16baaf053082080f.jpg,0,1,0,1,0,0,0,1
laterite-11_png.rf.deb64df1edefb331bbe1278f598470fc.jpg,1,0,0,1,0,0,1,0
sandy-loam-61_jpg.rf.6af7ad5ec5504726b28be73fe6873d86.jpg,0,1,0,1,0,0,0,1
sandy-loam-22_png.rf.5bdbb6bef533824fc64e57de361ea4a0.jpg,0,1,0,1,0,0,0,1
sandy-loam-23_png.rf.b11916402137a3cbe6a5e4db5ec09d47.jpg,0,1,0,1,0,0,0,1
laterite-63_jpg.rf.50331e85cb2b3de92adddb2c701c72c6.jpg,1,0,0,1,0,0,1,0
sandy-28_png.rf.28928c2dae149002fe41837e9c3e1cc4.jpg,1,0,0,1,0,0,1,0
sandy-100_jpg.rf.b47810e10b2261671e197d3312d9512e.jpg,1,0,0,1,0,0,1,0
sandy-loam-62_jpg.rf.58c3ff5778d3437bcd35f9bb31e96906.jpg,0,1,0,1,0,0,0,1
sandy-loam-63_jpg.rf.06ac711dc7f4027884902cbef3ca5cb3.jpg,0,1,0,1,0,0,0,1
sandy-18_png.rf.74c5ea597a43c9e18e5724ab5cd3103e.jpg,1,0,0,1,0,0,1,0
sandy-loam-35_jpg.rf.fa94e7c5e73a223493220e967f3ff67a.jpg,0,1,0,1,0,0,0,1
sandy-loam-58_jpg.rf.c9e05e3f1ae37a19fe78d83595580d8d.jpg,0,1,0,1,0,0,0,1
laterite-39_jpg.rf.db97ea17be219b6d161232fd44adf39b.jpg,1,0,0,1,0,0,1,0
sandy-32_jpg.rf.3048f1945d34f6de5c4201f3ebac1170.jpg,1,0,0,1,0,0,1,0
sandy-loam-53_jpg.rf.a307d10b48e11f4f7fb513be7d8aad87.jpg,0,1,0,1,0,0,0,1
sandy-loam-69_jpg.rf.03059fbd8d1500a0c70a91a1566461b6.jpg,0,1,0,1,0,0,0,1
sandy-loam-37_jpg.rf.a03cd30a7b793e1073dd4533a3c6b2f8.jpg,0,1,0,1,0,0,0,1
alluvial-42_jpg.rf.b5af5d51af2a1ed3e45f02b613698e7b.jpg,0,1,0,0,1,0,1,0
sandy-12_png.rf.37a5c96cc864b684d9dbfe1c1ff55d02.jpg,1,0,0,1,0,0,1,0
alluvial-45_jpg.rf.9f0b467b767b8979eb78c26b1541140d.jpg,0,1,0,0,1,0,1,0
sandy-loam-39_jpg.rf.ff7383805471827b432b1fbeeabffa2c.jpg,0,1,0,1,0,0,0,1
loamy-41_jpg.rf.46ab593e71ec9496ad7f40de2579afbd.jpg,0,0,1,0,0,1,0,1
loamy-43_jpg.rf.bd81269fba069b03ab1c52f59e0872fa.jpg,0,0,1,0,0,1,0,1
sandy-loam-54_jpg.rf.dec2bdadb02c7dfd59765c133bc77572.jpg,0,1,0,1,0,0,0,1
sandy-loam-70_jpg.rf.b76bb93242d7f4b8ce18f551829c4b8a.jpg,0,1,0,1,0,0,0,1
sandy-loam-94_png.rf.ff4de9339bb8b55e77d4e59582379f03.jpg,0,1,0,1,0,0,0,1
loamy-46_jpg.rf.fd8e9aee036ab543f8e256a35d10b6eb.jpg,0,0,1,0,0,1,0,1
sandy-loam-44_jpg.rf.305a6ed7a889830cd055fe8a8ec6edb6.jpg,0,1,0,1,0,0,0,1
alluvial-33_jpg.rf.4126e38fb1cd93f7f9682637c0e8a432.jpg,0,1,0,0,1,0,1,0
laterite-40_jpg.rf.93ebe7ace8248b330263f93708d7d558.jpg,1,0,0,1,0,0,1,0
laterite-75_jpg.rf.d8b8369945e8a63a33814f874edee22f.jpg,1,0,0,1,0,0,1,0
sandy-11_png.rf.a14c8dff5e96c7f50dbc32c67edc2b86.jpg,1,0,0,1,0,0,1,0
sandy-loam-38_jpg.rf.b32d3dd5e259c8c8339d5f5e15787dec.jpg,0,1,0,1,0,0,0,1
alluvial-53_jpg.rf.392356e9001fb5f96a1ad1775b6d2320.jpg,0,1,0,0,1,0,1,0
laterite-73_jpg.rf.a68968208587fd12009b2ddcf97c4356.jpg,1,0,0,1,0,0,1,0
laterite-45_jpg.rf.9ccd4cebf8c7d43d6be9bfba34780ffc.jpg,1,0,0,1,0,0,1,0
alluvial-47_jpg.rf.1aacef461e3f1561289a408be5b02cd0.jpg,0,1,0,0,1,0,1,0
laterite-74_jpg.rf.98d847392b1a1c6416954fb35bf5f7fc.jpg,1,0,0,1,0,0,1,0
alluvial-38_jpg.rf.bad0a5644035355db6b89a8abcae4e7d.jpg,0,1,0,0,1,0,1,0
alluvial-57_jpg.rf.2c101c70b41704839e9c4d8208bb93f3.jpg,0,1,0,0,1,0,1,0
laterite-65_jpg.rf.7add04b65d9f05927d1796514282047f.jpg,1,0,0,1,0,0,1,0
sandy-loam-90_png.rf.9d16fbb78d6c9b364101793123081cf4.jpg,0,1,0,1,0,0,0,1
sandy-17_png.rf.d28a35ac35ace44d382c53b19a324e46.jpg,1,0,0,1,0,0,1,0
laterite-80_jpg.rf.1761e45fd3ba35c92ecebdd50282e75e.jpg,1,0,0,1,0,0,1,0
alluvial-43_jpg.rf.f7823dda8ec79ac6042ee29edd41cb2f.jpg,0,1,0,0,1,0,1,0
laterite-41_jpg.rf.907f4f7be0c25211705545a77d8c3456.jpg,1,0,0,1,0,0,1,0
sandy-loam-6_png.rf.9861728475b18519b085ea12a143acfd.jpg,0,1,0,1,0,0,0,1
sandy-loam-72_png.rf.28fc0a37398d9b3e94b6e7a6edbf8749.jpg,0,1,0,1,0,0,0,1
sandy-loam-40_jpg.rf.2a608ba0f07f144f1270e8a18c01a9d9.jpg,0,1,0,1,0,0,0,1
laterite-77_jpg.rf.476babf673792d9bf4bce1efcd4c5199.jpg,1,0,0,1,0,0,1,0
sandy-loam-95_png.rf.4e62b47d5b1bb68532cc25e49284bfde.jpg,0,1,0,1,0,0,0,1
alluvial-39_jpg.rf.b3397ad48604b334417f8aa3f6e2dc5c.jpg,0,1,0,0,1,0,1,0
sandy-loam-71_png.rf.5198ded80a2dc7608f8811ad23bbefe2.jpg,0,1,0,1,0,0,0,1
alluvial-32_jpg.rf.cab78a76e07af49b89bb4dbd2d8b2aa0.jpg,0,1,0,0,1,0,1,0
sandy-loam-93_png.rf.da45247d36a0ce587053704438ba218e.jpg,0,1,0,1,0,0,0,1
sandy-loam-50_jpg.rf.2f1d6218648c640d114469d2ce930360.jpg,0,1,0,1,0,0,0,1
loamy-45_jpg.rf.c49bc834316b8a6d9d01b790bd6c7d54.jpg,0,0,1,0,0,1,0,1
sandy-loam-56_jpg.rf.2b083c81ddd61129f8a944f3ef1f22d2.jpg,0,1,0,1,0,0,0,1
laterite-83_jpeg.rf.7dd92975da0fb79dcf897837ab57ebfe.jpg,1,0,0,1,0,0,1,0
sandy-loam-48_jpg.rf.94819d2274e358ea9698cf898473dff0.jpg,0,1,0,1,0,0,0,1
alluvial-34_jpg.rf.e9ab7a740d0f61b4d5fdacc4595dd8c3.jpg,0,1,0,0,1,0,1,0
alluvial-83_jpg.rf.087e9083900966e70df45492115d4fdc.jpg,0,1,0,0,1,0,1,0
laterite-82_jpg.rf.fc188d4b40360b3d0ead193583b01862.jpg,1,0,0,1,0,0,1,0
sandy-loam-96_png.rf.be625d054714cad7ddf023f2ccccbc5b.jpg,0,1,0,1,0,0,0,1
loamy-52_jpg.rf.0360b684916fbd9b7f56631f011b940f.jpg,0,0,1,0,0,1,0,1
alluvial-87_jpg.rf.3381cfd702cce591485c3be981803adc.jpg,0,1,0,0,1,0,1,0
sandy-14_png.rf.025b6d50acba63b32a4bd5245e23c80a.jpg,1,0,0,1,0,0,1,0
alluvial-82_jpg.rf.fd1d759ff4edebb3675009b67f578537.jpg,0,1,0,0,1,0,1,0
sandy-loam-75_png.rf.63b299adfb110aaf51f5984f8d9ee661.jpg,0,1,0,1,0,0,0,1
sandy-13_png.rf.efe546c061110d0353a58a7b96a57c74.jpg,1,0,0,1,0,0,1,0
laterite-92_jpg.rf.c50f481ee1b429255f1044a5ca141d18.jpg,1,0,0,1,0,0,1,0
alluvial-86_jpg.rf.bde695e10476baf1fa680f0a7cca77d1.jpg,0,1,0,0,1,0,1,0
alluvial-89_jpg.rf.4d2f4b7c873228c46b69730dad5c0968.jpg,0,1,0,0,1,0,1,0
sandy-10_png.rf.cf9bae771a717e5db8674c36c365a0ad.jpg,1,0,0,1,0,0,1,0
alluvial-85_jpg.rf.5d0e2f38e5cf62cca6dc4a8628565a63.jpg,0,1,0,0,1,0,1,0
loamy-55_jpg.rf.3cbdce39372fbc50c9f136e9c3ceced9.jpg,0,0,1,0,0,1,0,1
laterite-47_jpg.rf.0f8be37a8a4fb6b609ae540ca6b3ad22.jpg,1,0,0,1,0,0,1,0
alluvial-84_jpg.rf.6f93648b3e645b06d7e8d74a0056b028.jpg,0,1,0,0,1,0,1,0
loamy-44_jpg.rf.a2f81496846b277bf5ddca2b07f678f9.jpg,0,0,1,0,0,1,0,1
sandy-loam-47_jpg.rf.7e175a49f69ce93e238060fd8fd28762.jpg,0,1,0,1,0,0,0,1
laterite-93_jpg.rf.48a72341d75fe7304d17756aeb3c8416.jpg,1,0,0,1,0,0,1,0
laterite-84_jpg.rf.e73c02081d8f44fd0227427c753efe69.jpg,1,0,0,1,0,0,1,0
sandy-16_png.rf.127baa38325e16071bd350920d527e7a.jpg,1,0,0,1,0,0,1,0
clay-14_png.rf.bf45afc9bf26c183839e9a2bb8ce641b.jpg,0,0,1,0,0,1,0,1
sandy-loam-46_jpg.rf.717115d500e39cbc1f1aea3e0006969e.jpg,0,1,0,1,0,0,0,1
loamy-49_jpg.rf.4579c05e640a785bf23ecddc36a95569.jpg,0,0,1,0,0,1,0,1
clay-13_png.rf.3b131bebe54346d8cf1171d5095d9fb1.jpg,0,0,1,0,0,1,0,1
loamy-4_png.rf.35665092b00fbf913d747c26b5082ee4.jpg,0,0,1,0,0,1,0,1
laterite-70_jpg.rf.f2c5a900a06ae5ee887addf43edc0d8e.jpg,1,0,0,1,0,0,1,0
alluvial-5_png.rf.8f08f5af909814ba8c6eb3099fe46e25.jpg,0,1,0,0,1,0,1,0
loamy-48_jpg.rf.01e5bac38ed705e36d2a4a14d3a7035a.jpg,0,0,1,0,0,1,0,1
alluvial-59_jpg.rf.352c2e2a481bdd915a18acbf4fb7c9ea.jpg,0,1,0,0,1,0,1,0
sandy-loam-52_jpg.rf.9390ca50a7318b98494258c1edfd340c.jpg,0,1,0,1,0,0,0,1
loamy-56_jpg.rf.d294538b544360ecf65518a841c98601.jpg,0,0,1,0,0,1,0,1
loamy-53_jpg.rf.88a6a61b86ecb1d436f67c3e878cc4cc.jpg,0,0,1,0,0,1,0,1
laterite-42_jpg.rf.4ce2c08b74569f5bdf1ae529da716ac2.jpg,1,0,0,1,0,0,1,0
alluvial-49_jpg.rf.56cc776d6b0f49c59bdc68bffa7d27ee.jpg,0,1,0,0,1,0,1,0
laterite-64_jpg.rf.a4173e98649a6ba35d26188bf839095c.jpg,1,0,0,1,0,0,1,0
loamy-26_jpg.rf.50ad9b7672f862a1b3309efd70909451.jpg,0,0,1,0,0,1,0,1
loamy-18_jpg.rf.e6ec14cfa68796afd807dde83c0e4c46.jpg,0,0,1,0,0,1,0,1
loamy-19_jpg.rf.9b4957d27e5d0de9276f5f59685760d7.jpg,0,0,1,0,0,1,0,1
loamy-23_jpg.rf.d2aac0183dafbeed8667afc4792538df.jpg,0,0,1,0,0,1,0,1
loamy-57_jpg.rf.73689aff14d1727aac273d47287593c1.jpg,0,0,1,0,0,1,0,1
loamy-20_jpg.rf.90164d5b4e0a0626e749569be84ece10.jpg,0,0,1,0,0,1,0,1
sandy-loam-98_png.rf.59477651c1e5002b75722c32275b49e8.jpg,0,1,0,1,0,0,0,1
alluvial-92_jpg.rf.06ebd7398d57029406eb0db3f174d459.jpg,0,1,0,0,1,0,1,0
loamy-58_jpg.rf.c9124a59b9890a63c2a3ce0b56b7bce5.jpg,0,0,1,0,0,1,0,1
laterite-96_jpg.rf.78e0e5daacb8c763eba7a0a9f323ffe5.jpg,1,0,0,1,0,0,1,0
sandy-loam-99_png.rf.a5584c9aa063635c96257f348a11ce99.jpg,0,1,0,1,0,0,0,1
loamy-50_jpg.rf.91c61d6ecbb401616051cd2e1870ed13.jpg,0,0,1,0,0,1,0,1
sandy-17_png.rf.8861b901e5e0a38e7409f47669204aa6.jpg,1,0,0,1,0,0,1,0
sandy-loam-2_png.rf.4b131d8a94993c44209ed9aab467ecf2.jpg,0,1,0,1,0,0,0,1
alluvial-6_png.rf.a1880c3cbecc3f556dd615445fcb24a0.jpg,0,1,0,0,1,0,1,0
sandy-15_png.rf.77e03bd4227e1e949868788892cfd53e.jpg,1,0,0,1,0,0,1,0
laterite-90_jpg.rf.a2d306d30ba3dbdad037feda2927bcd6.jpg,1,0,0,1,0,0,1,0
sandy-loam-5_png.rf.45a9bc9a2236a8068f12c9e78304d23a.jpg,0,1,0,1,0,0,0,1
clay-98_jpg.rf.bdc8ef8e42c2997fc2d1fdea6f85c0bb.jpg,0,0,1,0,0,1,0,1
alluvial-27_jpg.rf.2b06a945abff815b656259c8913eb9af.jpg,0,1,0,0,1,0,1,0
alluvial-10_png.rf.865301590dbf164fa4eac61474149c79.jpg,0,1,0,0,1,0,1,0
clay-22_png.rf.c828ee6282f3a0d3508871d102222c5b.jpg,0,0,1,0,0,1,0,1
laterite-95_jpg.rf.a517af8d3d80cce65304845a0527f127.jpg,1,0,0,1,0,0,1,0
sandy-loam-20_png.rf.8f7db574497f3a2dca47cbcf5f587277.jpg,0,1,0,1,0,0,0,1
laterite-85_jpg.rf.c4667d4e750420122eaf8d2acf2fd445.jpg,1,0,0,1,0,0,1,0
laterite-88_jpg.rf.fb1aec987bcbdc1e4b9862691b8eb20f.jpg,1,0,0,1,0,0,1,0
sandy-loam-28_jpg.rf.aa1dac30467df0a6c8a2d2e59f0a46cf.jpg,0,1,0,1,0,0,0,1
alluvial-16_jpg.rf.0b1f4798e13b101b8674d468bb4faae7.jpg,0,1,0,0,1,0,1,0
sandy-loam-51_jpg.rf.f3a4e2e4d56d1dffd85f39dc012820c1.jpg,0,1,0,1,0,0,0,1
sandy-14_png.rf.840128bdcc52d70568b5b9bd2a9cf8be.jpg,1,0,0,1,0,0,1,0
sandy-loam-49_jpg.rf.5f5fcf7b6a0b51146ec88aceb4629ab1.jpg,0,1,0,1,0,0,0,1
loamy-59_jpg.rf.ce469fb139a73e303bc43a24e45e95c8.jpg,0,0,1,0,0,1,0,1
sandy-18_png.rf.cc558fe1a6eab1259f6a5807174c4bc1.jpg,1,0,0,1,0,0,1,0
alluvial-14_jpeg.rf.1df833a3b620482b2597d1779afbe048.jpg,0,1,0,0,1,0,1,0
alluvial-90_jpg.rf.4142513f98b64ddcfb47ee9ed320086f.jpg,0,1,0,0,1,0,1,0
alluvial-28_jpg.rf.3c0391229e3a88653da2fed6603bd952.jpg,0,1,0,0,1,0,1,0
alluvial-20_jpg.rf.b64b894ca11d5109b10729886cda08b8.jpg,0,1,0,0,1,0,1,0
loamy-34_jpg.rf.9b7fe4bd8c3ae50acc8740af2dcbbc52.jpg,0,0,1,0,0,1,0,1
alluvial-61_jpg.rf.c36360ded69961797f31d08f00d238b7.jpg,0,1,0,0,1,0,1,0
alluvial-15_jpg.rf.280677a89be8bdbf2a218151c91cf1f7.jpg,0,1,0,0,1,0,1,0
sandy-loam-25_png.rf.f6949e2600ae7bbff90978f34756594e.jpg,0,1,0,1,0,0,0,1
loamy-80_jpg.rf.d06d8bb69ee9d17fc48428a35d527bd8.jpg,0,0,1,0,0,1,0,1
loamy-24_jpg.rf.dd2627513390b51dbb58a2a7b01a520b.jpg,0,0,1,0,0,1,0,1
alluvial-2_png.rf.21e7e103d7daf294bc128f5419e19cea.jpg,0,1,0,0,1,0,1,0
loamy-29_jpg.rf.2583a81dffc5160d09f34434b72dc262.jpg,0,0,1,0,0,1,0,1
sandy-13_png.rf.17df841255b34cb21e811304fa2d37ba.jpg,1,0,0,1,0,0,1,0
loamy-30_jpg.rf.40c5a7f17d0589f701655f41029bb958.jpg,0,0,1,0,0,1,0,1
sandy-loam-23_png.rf.241fc5b94706ccc31b5f5f5b71416aff.jpg,0,1,0,1,0,0,0,1
alluvial-100_png.rf.1ba55860d05694833fc87d6a16a92d3c.jpg,0,1,0,0,1,0,1,0
sandy-loam-22_png.rf.49e5557bddc5539c1017fbcb7c6a4a66.jpg,0,1,0,1,0,0,0,1
clay-65_jpg.rf.a4647c900763c28a23898bf22a411d20.jpg,0,0,1,0,0,1,0,1
clay-71_jpg.rf.daef1f1de4f0f951d9021ccf58ea2c53.jpg,0,0,1,0,0,1,0,1
alluvial-17_jpg.rf.ea145c49ba50c954e8dde6a339a97550.jpg,0,1,0,0,1,0,1,0
alluvial-100_png.rf.67369a6394d273f10eafc92b7856fe52.jpg,0,1,0,0,1,0,1,0
clay-37_jpg.rf.a4e75e236ccfb62d98b815162f21a59b.jpg,0,0,1,0,0,1,0,1
sandy-7_png.rf.b6588725f98ef7cc5b3f1962ca87363e.jpg,1,0,0,1,0,0,1,0
loamy-29_jpg.rf.a3731d807ea1d8410fe2bc3308e1ee8c.jpg,0,0,1,0,0,1,0,1
alluvial-2_png.rf.a374147e3ec7be72e63c45451dfb9e15.jpg,0,1,0,0,1,0,1,0
sandy-53_jpg.rf.aa0ce631fe6275ab1c8cada57549057e.jpg,1,0,0,1,0,0,1,0
sandy-38_jpg.rf.168e50a0eb0623a6a82fb187b428d714.jpg,1,0,0,1,0,0,1,0
loamy-52_jpg.rf.16d64636c87781c24dbb2b4cc3500162.jpg,0,0,1,0,0,1,0,1
clay-64_jpg.rf.8ea1b167ca46c3b853f8982ce56d6c4a.jpg,0,0,1,0,0,1,0,1
clay-8_png.rf.aa036fe637aa1c565f295ab1f5cc9421.jpg,0,0,1,0,0,1,0,1
alluvial-16_jpg.rf.b7889014c3cd8e397a62eeba0ec9f836.jpg,0,1,0,0,1,0,1,0
clay-38_jpg.rf.73da69e7485cf72c0329130d1304f689.jpg,0,0,1,0,0,1,0,1
clay-57_jpg.rf.78d2bb346d0ced69f40f85553e02ec6b.jpg,0,0,1,0,0,1,0,1
clay-5_png.rf.67dfbe325a538ed0571909a5a9934205.jpg,0,0,1,0,0,1,0,1
loamy-28_jpg.rf.ea09e0d3544a0e9e633ea26bc42dcada.jpg,0,0,1,0,0,1,0,1
loamy-6_png.rf.218772a8537b2654bc80be7eb01ebc3d.jpg,0,0,1,0,0,1,0,1
clay-49_jpg.rf.c04e09acd26e5cd3fa2c04518ffaefcd.jpg,0,0,1,0,0,1,0,1
alluvial-23_jpg.rf.14a5a5fc40f65b7e42e412582a7c0326.jpg,0,1,0,0,1,0,1,0
clay-79_jpg.rf.09ccc94792f9da10a1fdc5871c66dee4.jpg,0,0,1,0,0,1,0,1
clay-26_png.rf.281d0a8dc1a11d9a5a014191bfc5784a.jpg,0,0,1,0,0,1,0,1
sandy-52_jpg.rf.34f0ab092eb8bc869ff3b6d65d5cb380.jpg,1,0,0,1,0,0,1,0
clay-77_jpg.rf.28d2f674fa3b9717d76d07a405eadc64.jpg,0,0,1,0,0,1,0,1
clay-69_jpg.rf.0702dd406f8b92dbbd8ed210f72e820e.jpg,0,0,1,0,0,1,0,1
loamy-53_jpg.rf.081def3e4cc461dec937a04920de0165.jpg,0,0,1,0,0,1,0,1
loamy-56_jpg.rf.04e1c20d545d7c54b87b39481f79fb3d.jpg,0,0,1,0,0,1,0,1
alluvial-14_jpeg.rf.e04c65fbc7b5724e6cbe151cf46059d0.jpg,0,1,0,0,1,0,1,0
clay-59_jpeg.rf.a0808acc2f855f5be9d6a52427094211.jpg,0,0,1,0,0,1,0,1
alluvial-33_jpg.rf.52b66f80cb59e0e9fe393d784ca4c45c.jpg,0,1,0,0,1,0,1,0
alluvial-27_jpg.rf.a744fc4b173248f7d45bd4f962de179d.jpg,0,1,0,0,1,0,1,0
clay-74_jpg.rf.d048c16745dd0bf7ee7e14cb0a562128.jpg,0,0,1,0,0,1,0,1
sandy-55_jpg.rf.6537afe9db5c256cfc3f61ccd0b9e852.jpg,1,0,0,1,0,0,1,0
clay-51_jpg.rf.53508c3ba2d183b544510a7f84f5b40b.jpg,0,0,1,0,0,1,0,1
clay-83_jpg.rf.e185c4700e4da0aeb44a074640736cb8.jpg,0,0,1,0,0,1,0,1
loamy-11_png.rf.29401f1094313ec2577eb0c70cfae0e3.jpg,0,0,1,0,0,1,0,1
sandy-35_jpg.rf.67fafed8ffd10511d6ccb2d471fffcd5.jpg,1,0,0,1,0,0,1,0
alluvial-7_png.rf.3c38f126981706585080381e4d92b5c7.jpg,0,1,0,0,1,0,1,0
loamy-17_png.rf.723f72c42b2587cb39d62dd316bd24d8.jpg,0,0,1,0,0,1,0,1
alluvial-20_jpg.rf.4bec475230069108558c45dfa04a4044.jpg,0,1,0,0,1,0,1,0
clay-62_jpg.rf.4a6b1a2b9565efb96aa3423a260c21ab.jpg,0,0,1,0,0,1,0,1
loamy-55_jpg.rf.0542db9a84c4aed1f4ebc20f4d507328.jpg,0,0,1,0,0,1,0,1
clay-70_jpg.rf.2d482b8a10d1e23fbbafe59cff48b3b2.jpg,0,0,1,0,0,1,0,1
sandy-34_jpg.rf.693809b8227569ac7a47112d82b75515.jpg,1,0,0,1,0,0,1,0
loamy-3_png.rf.14b3032a431ec2c6f073284832577f49.jpg,0,0,1,0,0,1,0,1
sandy-58_jpg.rf.266c5d0492509b42e832f6d4eefc047a.jpg,1,0,0,1,0,0,1,0
clay-73_jpg.rf.a03c4e6eefddb704624f1ff562f34325.jpg,0,0,1,0,0,1,0,1
alluvial-34_jpg.rf.bb8e8d304d50c5fb274d06f047dbd3c7.jpg,0,1,0,0,1,0,1,0
loamy-58_jpg.rf.c69a38e0b4e63c323e2a9b9e98788f5c.jpg,0,0,1,0,0,1,0,1
sandy-83_jpg.rf.d69bc642832f188dd04bf11303b71820.jpg,1,0,0,1,0,0,1,0
loamy-17_png.rf.c6b71b9fd395d3508c0d956f778608e4.jpg,0,0,1,0,0,1,0,1
clay-61_jpg.rf.2067f6bbc65d25c59e38ac70fc506aaf.jpg,0,0,1,0,0,1,0,1
clay-76_jpg.rf.7edd0011c3b1a6f27475e68fa08864e6.jpg,0,0,1,0,0,1,0,1
alluvial-28_jpg.rf.91cbd833c913264e8dc8af29eb6009dd.jpg,0,1,0,0,1,0,1,0
alluvial-63_jpg.rf.6b21d49f093094b86533f95ec6fd70a9.jpg,0,1,0,0,1,0,1,0
loamy-30_jpg.rf.44d59027bf28914bf613a2375867bd25.jpg,0,0,1,0,0,1,0,1
sandy-37_jpg.rf.31ae7ee99c15e349c48cd116c13f32ac.jpg,1,0,0,1,0,0,1,0
clay-29_png.rf.db768ba3636ed40007974e5205139a34.jpg,0,0,1,0,0,1,0,1
clay-32_jpg.rf.a36f34df56e7c9830d6ed1e6d8092f7d.jpg,0,0,1,0,0,1,0,1
loamy-39_jpg.rf.b0e17a0c7489211c5005373c83f9763f.jpg,0,0,1,0,0,1,0,1
clay-31_jpg.rf.d630ca79057a4e5d8a3e76faf4e24c9b.jpg,0,0,1,0,0,1,0,1
alluvial-49_jpg.rf.a2adafe6d4da7e09c910e66de6dfcba1.jpg,0,1,0,0,1,0,1,0
loamy-38_jpg.rf.b9b9a0cfe6408b4bd6711fcc63bb13f1.jpg,0,0,1,0,0,1,0,1
clay-82_jpg.rf.e7b9964944932efddc7810f2c561b9f9.jpg,0,0,1,0,0,1,0,1
sandy-60_jpg.rf.5b4321100eafb89170fa0c3854d8004b.jpg,1,0,0,1,0,0,1,0
alluvial-65_jpg.rf.689b9a790bfc9fef285d6a024e819db5.jpg,0,1,0,0,1,0,1,0
sandy-89_jpg.rf.ce854db65faa81bc394cfa627c6523bc.jpg,1,0,0,1,0,0,1,0
clay-3_png.rf.0541b0855084ce4ea05694430677470b.jpg,0,0,1,0,0,1,0,1
clay-84_jpg.rf.1a6829176328bed3bb811751b59d7576.jpg,0,0,1,0,0,1,0,1
alluvial-17_jpg.rf.554756a5580d250b5900445f8d6f0374.jpg,0,1,0,0,1,0,1,0
sandy-54_jpg.rf.4276abe6b5a2a3f44dbe575865125dc8.jpg,1,0,0,1,0,0,1,0
clay-7_png.rf.32f7c5390befcf39e72c27507f1708e2.jpg,0,0,1,0,0,1,0,1
alluvial-39_jpg.rf.2def9e7d5d7cf7b49f373b3cbd95e2b3.jpg,0,1,0,0,1,0,1,0
loamy-100_jpg.rf.1cf5336de0e24a2598e91f933bd5a1b4.jpg,0,0,1,0,0,1,0,1
alluvial-68_jpg.rf.ec6bbeae4f059c79b726f173191c49ca.jpg,0,1,0,0,1,0,1,0
clay-30_png.rf.bee05cbd1382ad252ff8799823edfbb5.jpg,0,0,1,0,0,1,0,1
loamy-41_jpg.rf.c160619fe5e7eca42ffb6eed52762a22.jpg,0,0,1,0,0,1,0,1
alluvial-5_png.rf.6a259d7b407982c40a175176a553b05b.jpg,0,1,0,0,1,0,1,0
alluvial-47_jpg.rf.34723148e83497cbd1a94c9a3e0334cb.jpg,0,1,0,0,1,0,1,0
loamy-4_png.rf.11f3d5c63eb8ec47a368c78d9838ecf0.jpg,0,0,1,0,0,1,0,1
alluvial-2_png.rf.35ba599c456ae9f8a44c39143bba02de.jpg,0,1,0,0,1,0,1,0
sandy-49_jpg.rf.0a25557ba1567ec498c4c279bf1ce2b5.jpg,1,0,0,1,0,0,1,0
clay-81_jpg.rf.01afbebb3c04517e47c38d59ded9347c.jpg,0,0,1,0,0,1,0,1
sandy-88_jpg.rf.b8386fa4e9e964aafcbee96d0dd4aefc.jpg,1,0,0,1,0,0,1,0
clay-43_jpg.rf.a7141580d9410883b984d06841f324ba.jpg,0,0,1,0,0,1,0,1
alluvial-67_jpg.rf.49e2dc6acde16ad769b1eee7bcd53712.jpg,0,1,0,0,1,0,1,0
clay-75_jpg.rf.aca4b3459156f1eb33b4a626964b609e.jpg,0,0,1,0,0,1,0,1
sandy-90_jpg.rf.1212052e2f53a91b98ea1769fa672380.jpg,1,0,0,1,0,0,1,0
loamy-57_jpg.rf.d689ee0e80ec67cb894c156119174415.jpg,0,0,1,0,0,1,0,1
clay-88_jpg.rf.b792f53eb0fb0487b0d74aba6f68d3a6.jpg,0,0,1,0,0,1,0,1
sandy-91_jpg.rf.e3618ed87a1232066c04979bbf6e0c86.jpg,1,0,0,1,0,0,1,0
sandy-86_jpg.rf.1fe5fb14cfe9aaac9375748a52f72e4e.jpg,1,0,0,1,0,0,1,0
alluvial-59_jpg.rf.828374005904c818a3c96a8f888e4024.jpg,0,1,0,0,1,0,1,0
alluvial-29_jpg.rf.fa7b0cbbdeb7a4bab027d03395936c64.jpg,0,1,0,0,1,0,1,0
loamy-59_jpg.rf.91dbab52d7f2e95dcd64b8dfbcdd05c1.jpg,0,0,1,0,0,1,0,1
alluvial-100_png.rf.157e4cb25ebd82bb5876d3180f491de4.jpg,0,1,0,0,1,0,1,0
sandy-55_jpg.rf.48d5710eb23c32baac53b6e037f320f0.jpg,1,0,0,1,0,0,1,0
sandy-87_jpg.rf.9991dbead49540a8c68e0fefef8b1f18.jpg,1,0,0,1,0,0,1,0
alluvial-53_jpg.rf.e357afc8f10d37d438fb578d6c6d4ac0.jpg,0,1,0,0,1,0,1,0
clay-9_png.rf.1d4f20d9218e51cfde7c3f2b84a9f1d5.jpg,0,0,1,0,0,1,0,1
alluvial-3_png.rf.348d18c2f0f5afad1df57ff091110ef0.jpg,0,1,0,0,1,0,1,0
clay-93_jpg.rf.25e3c65940d7b3601cf04d7cf8426be1.jpg,0,0,1,0,0,1,0,1
loamy-36_jpg.rf.fa5c06e01afe64ca0d58e68a748e4d04.jpg,0,0,1,0,0,1,0,1
clay-33_jpg.rf.17d3edf629d5b706c8fa77578ad1555a.jpg,0,0,1,0,0,1,0,1
clay-85_jpg.rf.470b26fb9c59a04ccbe0d83b92827275.jpg,0,0,1,0,0,1,0,1
sandy-54_jpg.rf.da0d16bde6d502d50441f0bd5c9b9adb.jpg,1,0,0,1,0,0,1,0
alluvial-61_jpg.rf.d0a7ca4d07b9e68b8ceed36e35177501.jpg,0,1,0,0,1,0,1,0
sandy-92_jpg.rf.0836ec49034952b68b5b34bb903f0564.jpg,1,0,0,1,0,0,1,0
sandy-96_jpg.rf.6a2c3c4ab812ad8a50be7e32d6cb48a5.jpg,1,0,0,1,0,0,1,0
clay-36_jpg.rf.cbeff738d59ccfb64de9fa1333e334bf.jpg,0,0,1,0,0,1,0,1
alluvial-32_jpg.rf.d6fd0f460a8a86161a13f46b11aa7ec7.jpg,0,1,0,0,1,0,1,0
sandy-97_jpg.rf.bd1d1f19fa01f7ee3e356c6ec9d02da6.jpg,1,0,0,1,0,0,1,0
alluvial-43_jpg.rf.b4fbdedc5a886a097adc35bd33f28763.jpg,0,1,0,0,1,0,1,0
sandy-95_jpg.rf.a0afe9e1f90cbdf0ba5f4c6df51b8460.jpg,1,0,0,1,0,0,1,0
sandy-51_jpg.rf.8a35b82503982f1a8d1df799d4d2dcff.jpg,1,0,0,1,0,0,1,0
alluvial-42_jpg.rf.0a08f72a95f7ebd26805c5ed0e1b874b.jpg,0,1,0,0,1,0,1,0
alluvial-6_png.rf.3250d54a01fb730c8ec7f7ac58cd2c7c.jpg,0,1,0,0,1,0,1,0
alluvial-57_jpg.rf.fb40c85a48a18e22c116891a2dec3411.jpg,0,1,0,0,1,0,1,0
alluvial-38_jpg.rf.4f2cccfc42db9be419c12a45762113ff.jpg,0,1,0,0,1,0,1,0
clay-90_jpg.rf.984660386372107aaf53268d6e7ad327.jpg,0,0,1,0,0,1,0,1
sandy-53_jpg.rf.ad24a7705ad1ef7b72bec03f1b81f668.jpg,1,0,0,1,0,0,1,0
sandy-83_jpg.rf.24f7276d15749320dcec63c93956388f.jpg,1,0,0,1,0,0,1,0
sandy-52_jpg.rf.af628a40522b05cbf6577f76441b52c1.jpg,1,0,0,1,0,0,1,0
sandy-45_jpg.rf.c9224161e9a1645ae894b0c872b20fc0.jpg,1,0,0,1,0,0,1,0
clay-95_jpg.rf.8dfb397bf5b525c8abe9dc650e86b402.jpg,0,0,1,0,0,1,0,1
sandy-66_jpg.rf.97cc9615b0fcc3f9b879039ce80fc78c.jpg,1,0,0,1,0,0,1,0
loamy-11_png.rf.9f50c7d9b369a04482b32ad7d234fdd8.jpg,0,0,1,0,0,1,0,1
loamy-100_jpg.rf.da58491df4ad82ed305c30c4dafc1fa6.jpg,0,0,1,0,0,1,0,1
loamy-39_jpg.rf.7085d8d714228b8d0427d336b219481d.jpg,0,0,1,0,0,1,0,1
sandy-7_png.rf.c7d068a50e80db25aa4b059592a3928c.jpg,1,0,0,1,0,0,1,0
sandy-68_jpg.rf.a54485e1e55292c839f5333962d99180.jpg,1,0,0,1,0,0,1,0
sandy-84_jpg.rf.05a3543da8d7ff5c34ca87afad871c08.jpg,1,0,0,1,0,0,1,0
loamy-41_jpg.rf.b5266fc2a7fcfd237cf20365815f98c3.jpg,0,0,1,0,0,1,0,1
alluvial-31_jpg.rf.2580f80521bb546d65bbfff794db8f4b.jpg,0,1,0,0,1,0,1,0
alluvial-30_jpg.rf.9928d94af01f0a3367330926f211fe9d.jpg,0,1,0,0,1,0,1,0
loamy-43_jpg.rf.c8c0899de48dc1a96929c43db5f1d2e2.jpg,0,0,1,0,0,1,0,1
loamy-10_png.rf.5e7dd9e876ddb9ae05f65c648f391c3f.jpg,0,0,1,0,0,1,0,1
sandy-82_jpg.rf.ee27bf8c573b9d9db516339d46f002a0.jpg,1,0,0,1,0,0,1,0
sandy-70_jpg.rf.1a45ef6722265b06ca157fba50c9a495.jpg,1,0,0,1,0,0,1,0
sandy-72_jpg.rf.3a0e14ec303f80d5c7a022d4252835f4.jpg,1,0,0,1,0,0,1,0
sandy-74_jpg.rf.40523fba309c6cadffde0cb32ab35535.jpg,1,0,0,1,0,0,1,0
loamy-4_png.rf.d2e8608d43abfdd3e36464f131c7ac22.jpg,0,0,1,0,0,1,0,1
loamy-72_jpg.rf.aa5aeb24339d5c379f2d83a9a4f4223f.jpg,0,0,1,0,0,1,0,1
sandy-8_png.rf.0092b05a0f295259c8b72733a1e89f9a.jpg,1,0,0,1,0,0,1,0
loamy-1_png.rf.59dcfa2c614e466dd614eb7cb2234779.jpg,0,0,1,0,0,1,0,1
loamy-44_jpg.rf.46b7cb88ea47f5d63a9f6e5779db3a32.jpg,0,0,1,0,0,1,0,1
sandy-9_png.rf.72745dfb62f22305b83f4c07f6ab44e0.jpg,1,0,0,1,0,0,1,0
sandy-61_jpg.rf.df9a743a75f61aea88b4c38918cbe101.jpg,1,0,0,1,0,0,1,0
loamy-48_jpg.rf.a177e0f78c906edd51943be5b5ff5f05.jpg,0,0,1,0,0,1,0,1
loamy-23_jpg.rf.049f2560633a04e99d1719bdafa05d4f.jpg,0,0,1,0,0,1,0,1
sandy-98_jpg.rf.73b82290e1b257aba8720b78ab1db38d.jpg,1,0,0,1,0,0,1,0
sandy-46_jpg.rf.37076163b8b601c584d449d1abdf4130.jpg,1,0,0,1,0,0,1,0
sandy-43_jpg.rf.b9f642f83fc3c27f995032276fa9c92a.jpg,1,0,0,1,0,0,1,0
sandy-41_jpg.rf.7ceb4eb57549fe17f3a347b4620f37c8.jpg,1,0,0,1,0,0,1,0
loamy-61_jpg.rf.a6dc1ab3b56e5c04bfb171baef01797b.jpg,0,0,1,0,0,1,0,1
loamy-71_jpg.rf.0ac4cfaac46ba1b1494637b2b2700e74.jpg,0,0,1,0,0,1,0,1
clay-86_jpg.rf.d6ffded0634ca83ce6a36809cb5335f1.jpg,0,0,1,0,0,1,0,1
clay-65_jpg.rf.2de41fece6af4fb7a1ce8566a89ae5d9.jpg,0,0,1,0,0,1,0,1
clay-97_jpg.rf.916002ce4ad655c035bd907edca33cb6.jpg,0,0,1,0,0,1,0,1
loamy-45_jpg.rf.dfd975da871ffb5854f8a27c09b62486.jpg,0,0,1,0,0,1,0,1
clay-96_jpg.rf.1c76824697131db4b080334364b1581b.jpg,0,0,1,0,0,1,0,1
loamy-49_jpg.rf.f6832990c9906012500d174c39033934.jpg,0,0,1,0,0,1,0,1
clay-91_jpg.rf.eb6a562d27b9c945d93a7959056c9b1b.jpg,0,0,1,0,0,1,0,1
clay-64_jpg.rf.bc39aaed7424dbffe5deced1b8bd5a75.jpg,0,0,1,0,0,1,0,1
clay-38_jpg.rf.53846f7f1924052ac8ce61caa3531222.jpg,0,0,1,0,0,1,0,1
loamy-19_jpg.rf.b3bf3e905d0b1a697e42069aedcecb7d.jpg,0,0,1,0,0,1,0,1
sandy-50_jpg.rf.3013f15fd1ab1a9a0e06a171299bcbf3.jpg,1,0,0,1,0,0,1,0
sandy-40_jpg.rf.7daf76baa3dba86d011adf689e548c7e.jpg,1,0,0,1,0,0,1,0
loamy-16_png.rf.1f77938533c1bd39dbcb68a774bcc999.jpg,0,0,1,0,0,1,0,1
sandy-58_jpg.rf.b9bc929625466fb1ffe0c3eb49adb7ac.jpg,1,0,0,1,0,0,1,0
sandy-60_jpg.rf.5486136b6625fd880d308a4137efdc45.jpg,1,0,0,1,0,0,1,0
loamy-18_jpg.rf.f1b55f13a2a7fb2e7a8ca7664faf46f9.jpg,0,0,1,0,0,1,0,1
clay-37_jpg.rf.ee445333ef58e62b2e4d974585b24bad.jpg,0,0,1,0,0,1,0,1
loamy-28_jpg.rf.0145801fc19e76ae0dac9d15603cd3b8.jpg,0,0,1,0,0,1,0,1
loamy-63_jpg.rf.b04fa541efbf31284a5958490d5ef64b.jpg,0,0,1,0,0,1,0,1
clay-8_png.rf.23a89678ba78ecb7fe0eb7a030eda35e.jpg,0,0,1,0,0,1,0,1
loamy-53_jpg.rf.b8e11ec9669f05ca05eac977d68c9d81.jpg,0,0,1,0,0,1,0,1
loamy-65_jpg.rf.fa019f6fceec1d0dad72ead4e7c26a71.jpg,0,0,1,0,0,1,0,1
sandy-42_jpg.rf.de8e3f8d3a0990a2708aff0dcc25c652.jpg,1,0,0,1,0,0,1,0
loamy-30_jpg.rf.3003dd00d2345ed007b28d5a4a8f6199.jpg,0,0,1,0,0,1,0,1
loamy-3_png.rf.9494810df5444c2bc5a2ba4dc775f264.jpg,0,0,1,0,0,1,0,1
loamy-12_png.rf.216714381ce23e1ef82b241788e82042.jpg,0,0,1,0,0,1,0,1
loamy-31_jpg.rf.c49b1329c00fc8fd868fce8e989e1232.jpg,0,0,1,0,0,1,0,1
loamy-67_jpg.rf.be95e1edad3882de55eb95dde73eb718.jpg,0,0,1,0,0,1,0,1
alluvial-45_jpg.rf.9022caaa3a222cd2576693a9091a039a.jpg,0,1,0,0,1,0,1,0
loamy-29_jpg.rf.af4471082b5de056699a093da323bb2b.jpg,0,0,1,0,0,1,0,1
clay-49_jpg.rf.1101091e4a8c18e5a7a875ac153388dd.jpg,0,0,1,0,0,1,0,1
clay-70_jpg.rf.23767ddd69ee348e372a474d04c1c805.jpg,0,0,1,0,0,1,0,1
sandy-75_jpg.rf.d8353b858e3c0b6106f00f752dad19de.jpg,1,0,0,1,0,0,1,0
clay-57_jpg.rf.7df817a093188a0099c3c0ce14bdc75b.jpg,0,0,1,0,0,1,0,1
loamy-59_jpg.rf.c08f4963a45b4358f71af8749546fb96.jpg,0,0,1,0,0,1,0,1
loamy-20_jpg.rf.4988ae0bd3060a36727fdbda4d1bdce5.jpg,0,0,1,0,0,1,0,1
sandy-76_jpg.rf.9c843f907d6367be779ee48402b88eea.jpg,1,0,0,1,0,0,1,0
clay-62_jpg.rf.dd6c73e71cea3b70c9004dfeba0888d9.jpg,0,0,1,0,0,1,0,1
loamy-73_jpg.rf.b56e686e2a22e4507a8a76e11037cce0.jpg,0,0,1,0,0,1,0,1
loamy-66_jpg.rf.4b8136f33eeef3537a9a75e418c3beee.jpg,0,0,1,0,0,1,0,1
clay-53_jpeg.rf.00d6b6bee33a4e61f8af89cef14c78d7.jpg,0,0,1,0,0,1,0,1
loamy-46_jpg.rf.9dddfd32ba26f7283505b3f2758b5475.jpg,0,0,1,0,0,1,0,1
loamy-52_jpg.rf.d8f0b08003c183a46d89868885d9f7c2.jpg,0,0,1,0,0,1,0,1
loamy-58_jpg.rf.f2fb06a06bf50f0e540e2ebb83a7faac.jpg,0,0,1,0,0,1,0,1
loamy-24_jpg.rf.ff269597e11dbd41985f0467aab09719.jpg,0,0,1,0,0,1,0,1
loamy-55_jpg.rf.4b1ec15f4be0962eff93f4f9b3c8d0e7.jpg,0,0,1,0,0,1,0,1
loamy-69_jpg.rf.6f6e1a41dfe7ca346878b21e6e5df4f7.jpg,0,0,1,0,0,1,0,1
loamy-75_jpg.rf.16be5e7344ac7b64061aebaac5f4f719.jpg,0,0,1,0,0,1,0,1
loamy-33_jpg.rf.4a87bfa86aa1dc5d9ee94ec7f5a34f59.jpg,0,0,1,0,0,1,0,1
clay-59_jpeg.rf.3aeb9ab20a59d54129cdfccee9127984.jpg,0,0,1,0,0,1,0,1
loamy-50_jpg.rf.68e5da3dedc4dcfdd167644fefbeeb3c.jpg,0,0,1,0,0,1,0,1
loamy-76_jpg.rf.e5561fa7798be93aaa8d5ef71e9581b4.jpg,0,0,1,0,0,1,0,1
loamy-74_jpg.rf.2ab8a2cf41328203c36f1569a8e999e6.jpg,0,0,1,0,0,1,0,1
loamy-38_jpg.rf.23e8f773da87a22e3f32e26b5a42a15f.jpg,0,0,1,0,0,1,0,1
loamy-57_jpg.rf.c3504a6956fcf678c04ad65520071248.jpg,0,0,1,0,0,1,0,1
loamy-6_png.rf.bb7cc8e243f5b059970cb13ead6f1b37.jpg,0,0,1,0,0,1,0,1
clay-7_png.rf.8d1125efd9d6c1d81086cad4a6950042.jpg,0,0,1,0,0,1,0,1
loamy-68_jpg.rf.1dbff945d26523afb9ef0745db178d84.jpg,0,0,1,0,0,1,0,1
loamy-70_jpg.rf.e94bd065b5d221a173372c7c5f03daad.jpg,0,0,1,0,0,1,0,1
loamy-34_jpg.rf.9901661e2b514fc86b88db8abaf3aedd.jpg,0,0,1,0,0,1,0,1
loamy-77_jpg.rf.c517cc329b16f4e155f5f7b7c5eed373.jpg,0,0,1,0,0,1,0,1
loamy-17_png.rf.951643e8efa0626e4554d3a7a0db622a.jpg,0,0,1,0,0,1,0,1
clay-74_jpg.rf.574e0c16d901a924f6488603570d6261.jpg,0,0,1,0,0,1,0,1
clay-71_jpg.rf.221cf74c09bad7023a6bec63ca081c80.jpg,0,0,1,0,0,1,0,1
loamy-36_jpg.rf.b509f081e2a4441c388c23e50caffa6c.jpg,0,0,1,0,0,1,0,1
clay-82_jpg.rf.45911bccea992f581e66fbe1ae0c0871.jpg,0,0,1,0,0,1,0,1
clay-61_jpg.rf.653856c2f004120da6a01b6c5ad31d9b.jpg,0,0,1,0,0,1,0,1
loamy-26_jpg.rf.5c5619d16f243a7ef7568ec1dca85d8e.jpg,0,0,1,0,0,1,0,1
clay-75_jpg.rf.99b5bc362389f913f00bf0301010aba4.jpg,0,0,1,0,0,1,0,1
clay-43_jpg.rf.20d8d3131f18bf81dcfd9a9fddee8d45.jpg,0,0,1,0,0,1,0,1
clay-76_jpg.rf.5230e508e46386f7aeea1b9ba527ea0d.jpg,0,0,1,0,0,1,0,1
clay-73_jpg.rf.2f66ca218b5617523cad541ccd43995b.jpg,0,0,1,0,0,1,0,1
clay-81_jpg.rf.0408cb9800fed5d9de87e7e1ee5a9700.jpg,0,0,1,0,0,1,0,1
clay-69_jpg.rf.e401fefffc54b29f31f969ee9b3230a5.jpg,0,0,1,0,0,1,0,1
loamy-56_jpg.rf.994b1929cd6489b54a01b3c17dca3c54.jpg,0,0,1,0,0,1,0,1
clay-5_png.rf.aa7adcd3ded545703fd0f1037bdad508.jpg,0,0,1,0,0,1,0,1
clay-79_jpg.rf.9ea4498482d34e6101e3a4473e40d891.jpg,0,0,1,0,0,1,0,1
clay-51_jpg.rf.66cf3e5b92df86d183610772a2f26964.jpg,0,0,1,0,0,1,0,1
clay-77_jpg.rf.63cef38cb566e73d2a669855d146cca3.jpg,0,0,1,0,0,1,0,1
clay-34_jpg.rf.68a059c130cbbc6921be9d09b12dc1f8.jpg,0,0,1,0,0,1,0,1
clay-84_jpg.rf.aac2721848d6b801fc0e7cfb19f5ad23.jpg,0,0,1,0,0,1,0,1
clay-90_jpg.rf.e1ceb3c253cf11fb5f50b22f61d482da.jpg,0,0,1,0,0,1,0,1
clay-91_jpg.rf.5719c975782f3c315cd7f6868e956ce0.jpg,0,0,1,0,0,1,0,1
clay-97_jpg.rf.9f5958fc99d17bf1cfc75731d539e186.jpg,0,0,1,0,0,1,0,1
clay-36_jpg.rf.8e5e35765f78a0c5a96fcaecb3006be7.jpg,0,0,1,0,0,1,0,1
loamy-33_jpg.rf.28af9386485709cd8729d54756095e89.jpg,0,0,1,0,0,1,0,1
clay-88_jpg.rf.310ec1c4f8caad886eff6ab1a8b4cc35.jpg,0,0,1,0,0,1,0,1
clay-15_png.rf.bffec5e3ac474eed225b00f1736b1522.jpg,0,0,1,0,0,1,0,1
clay-93_jpg.rf.f470b7ff2940aa2ec473e511bd50deb0.jpg,0,0,1,0,0,1,0,1
clay-86_jpg.rf.0ae7ab7ae5ade168e866d6f9a60dadbc.jpg,0,0,1,0,0,1,0,1
clay-9_png.rf.d91765f34c7cda2fcfea1978307f8ad6.jpg,0,0,1,0,0,1,0,1
clay-95_jpg.rf.5cdc2c2582dbaad552b13ac6c4b90201.jpg,0,0,1,0,0,1,0,1
clay-96_jpg.rf.10c628b80a36b90e3b19c9796253333c.jpg,0,0,1,0,0,1,0,1
sandy-loam-14_png.rf.2cecf140ef2f8b71ae01b2df460a60ca.jpg,0,1,0,1,0,0,0,1
sandy-loam-16_png.rf.24b5b1766badb0f5a4999793c9bb64cf.jpg,0,1,0,1,0,0,0,1
sandy-loam-28_jpg.rf.0ef39c6a9e759e9708f87a7786f8c9bf.jpg,0,1,0,1,0,0,0,1
sandy-loam-86_png.rf.377c2f9fded695e0857ba274e1fe1731.jpg,0,1,0,1,0,0,0,1
sandy-loam-98_png.rf.69839ae7b14d23c8636ccad4739b13b0.jpg,0,1,0,1,0,0,0,1
sandy-loam-83_jpg.rf.6dfd273a6387081fbde6718cee915e4a.jpg,0,1,0,1,0,0,0,1
sandy-loam-82_png.rf.7d83d0251ed8e915b42aed783ac22ee5.jpg,0,1,0,1,0,0,0,1
sandy-loam-13_png.rf.b26447da2f19f9e217082472b81a3f4e.jpg,0,1,0,1,0,0,0,1
sandy-loam-11_png.rf.77c2454a7878ca5ff647dc536c749be7.jpg,0,1,0,1,0,0,0,1
sandy-loam-10_png.rf.7b6a0ad54d7e92644bd3fb44b5cad7c4.jpg,0,1,0,1,0,0,0,1
sandy-loam-85_png.rf.fe4f93630da6fb36fc84fa90f231a1c3.jpg,0,1,0,1,0,0,0,1
sandy-loam-2_png.rf.6b491a36b460b80333cba3c21763d3a3.jpg,0,1,0,1,0,0,0,1
sandy-loam-32_jpg.rf.43f435bc0879d23f15c4b9f2b8472154.jpg,0,1,0,1,0,0,0,1
sandy-loam-23_png.rf.d3e2570e5c1918fd69799ce673f262fd.jpg,0,1,0,1,0,0,0,1
loamy-89_jpg.rf.508cbe23cdf98f21cae15a2d931ebd43.jpg,0,0,1,0,0,1,0,1
sandy-loam-17_png.rf.c832fad05396b18d2f2642b5654d2906.jpg,0,1,0,1,0,0,0,1
loamy-9_jpg.rf.2c918f3fb6932d83fd7a00f0ff803e2f.jpg,0,0,1,0,0,1,0,1
sandy-loam-30_jpg.rf.d9258b70770a5f286716925d6ae20ca8.jpg,0,1,0,1,0,0,0,1
sandy-loam-29_jpg.rf.b038b38b0f57106db6b6dc4123735dcd.jpg,0,1,0,1,0,0,0,1
sandy-loam-15_png.rf.e859db5611e01d4a2ecbd266d021eac4.jpg,0,1,0,1,0,0,0,1
sandy-loam-26_png.rf.95d14de6e59ed34782de7508457f8fad.jpg,0,1,0,1,0,0,0,1
loamy-85_jpg.rf.b17f11f4a7f8965ff32588b0381efd5b.jpg,0,0,1,0,0,1,0,1
sandy-loam-33_jpg.rf.658bf7af114cfd6c535ce4a8c63a8ad8.jpg,0,1,0,1,0,0,0,1
sandy-loam-35_jpg.rf.3c20614b9a3877a10fb21b90721bc7d0.jpg,0,1,0,1,0,0,0,1
sandy-loam-39_jpg.rf.235b0a5c70065201d159d8cc2a8d6ace.jpg,0,1,0,1,0,0,0,1
sandy-loam-37_jpg.rf.be764c493b648395f8dce6ef7a44cc04.jpg,0,1,0,1,0,0,0,1
sandy-loam-94_png.rf.0f89fbdc13cfbe7c79cff1d4b9524170.jpg,0,1,0,1,0,0,0,1
sandy-loam-38_jpg.rf.6244a794577de8d53f19d42a1549b96d.jpg,0,1,0,1,0,0,0,1
sandy-loam-25_png.rf.b1e5d2704bcbb4a9b36ce409896624a6.jpg,0,1,0,1,0,0,0,1
loamy-92_jpg.rf.3ced72d043a2e36a31675c8bc728eb8c.jpg,0,0,1,0,0,1,0,1
sandy-loam-81_png.rf.b97d260e6d6509b506345c5a7cde7b6e.jpg,0,1,0,1,0,0,0,1
loamy-87_jpg.rf.1e049c6126b7eae06abee63f29842d9f.jpg,0,0,1,0,0,1,0,1
sandy-loam-95_png.rf.c6615359f334f308e4c932f3244a64ce.jpg,0,1,0,1,0,0,0,1
sandy-loam-54_jpg.rf.eb34394cfed90f6ff3c76a3b3641b94d.jpg,0,1,0,1,0,0,0,1
sandy-loam-18_png.rf.e2a14d0d4f8ce8c50f7ff6d1d7112bec.jpg,0,1,0,1,0,0,0,1
sandy-loam-99_png.rf.7e601cb7029474dafa3ba8d57ad9330f.jpg,0,1,0,1,0,0,0,1
sandy-loam-87_png.rf.95eeb2bfbd3daed638712cf770c861a8.jpg,0,1,0,1,0,0,0,1
laterite-87_jpg.rf.969a75b240d4d09da7cafabd9d14b8bb.jpg,1,0,0,1,0,0,1,0
sandy-loam-34_jpg.rf.8c7084b45ecd29ec6e4c5fdceb3bf7ca.jpg,0,1,0,1,0,0,0,1
sandy-loam-90_png.rf.da93302464042e1ed282303ed79627ad.jpg,0,1,0,1,0,0,0,1
loamy-88_jpg.rf.c4208c5415609a6a70c482660e39a1aa.jpg,0,0,1,0,0,1,0,1
sandy-loam-96_png.rf.4a995810e2384be473bb8b9b3384b577.jpg,0,1,0,1,0,0,0,1
loamy-91_jpg.rf.5fb6493e84fef4cf0973c39e9aaf1819.jpg,0,0,1,0,0,1,0,1
laterite-56_jpg.rf.aae45ef17158aeae5e68bf88620bb4a0.jpg,1,0,0,1,0,0,1,0
laterite-85_jpg.rf.72b1a1fa2bd32cd87304dcfd1bb596d4.jpg,1,0,0,1,0,0,1,0
loamy-93_jpg.rf.3f5a48d15cfc0194a2abb6dfe23d21d7.jpg,0,0,1,0,0,1,0,1
sandy-loam-40_jpg.rf.a45723efa4753399ad112f13ae388c4f.jpg,0,1,0,1,0,0,0,1
sandy-loam-68_jpg.rf.f4fb6e016cc728420ab2029766f31600.jpg,0,1,0,1,0,0,0,1
sandy-loam-44_jpg.rf.8ecf8aa32e3f78fa64d7940d6db64d3f.jpg,0,1,0,1,0,0,0,1
laterite-88_jpg.rf.230d4ab144c7484be5afeeeb3af17096.jpg,1,0,0,1,0,0,1,0
laterite-65_jpg.rf.2efc65abbe1adf65e8cac9bef50268d0.jpg,1,0,0,1,0,0,1,0
laterite-58_jpg.rf.a8b8409f72da629e7f127bef365b5feb.jpg,1,0,0,1,0,0,1,0
laterite-62_jpg.rf.d116937bdc79c9ed9b9b93ad5095263a.jpg,1,0,0,1,0,0,1,0
sandy-loam-53_jpg.rf.5903236ac7b4994e49f394a4721ad471.jpg,0,1,0,1,0,0,0,1
sandy-loam-69_jpg.rf.6939014590138506760dd5dc0b3774d6.jpg,0,1,0,1,0,0,0,1
sandy-loam-88_png.rf.c5fbada073bfa08593e082927b777727.jpg,0,1,0,1,0,0,0,1
sandy-loam-58_jpg.rf.d65f7657796a448e65d7e4cbc9b3fc8c.jpg,0,1,0,1,0,0,0,1
sandy-loam-52_jpg.rf.9aa45e050b9c98bb28b9e068bc0a43f4.jpg,0,1,0,1,0,0,0,1
laterite-12_png.rf.0a8aa5a4737a977f317f3ef3650bb110.jpg,1,0,0,1,0,0,1,0
sandy-loam-71_png.rf.133d629e8cb608e403e26bbccecd0f8e.jpg,0,1,0,1,0,0,0,1
laterite-60_jpeg.rf.365b8b462d6e00d3b28c0b96a8f22983.jpg,1,0,0,1,0,0,1,0
sandy-loam-6_png.rf.fc2eda189440d8b83a7102f953732132.jpg,0,1,0,1,0,0,0,1
loamy-97_jpg.rf.6ed3b33672fbfb8aeb76cb867d139855.jpg,0,0,1,0,0,1,0,1
laterite-63_jpg.rf.9b740ede6c9b60af358fda3d1c8b2cfc.jpg,1,0,0,1,0,0,1,0
sandy-loam-100_png.rf.cee8a1620dda83d992f6ad4233368155.jpg,0,1,0,1,0,0,0,1
laterite-6_png.rf.4bc8fe04f7c83fed9fb60b2bbeafe0d1.jpg,1,0,0,1,0,0,1,0
laterite-61_jpeg.rf.e61f9e5dba4bfc0877b20630fb2a2e0a.jpg,1,0,0,1,0,0,1,0
sandy-loam-46_jpg.rf.4662f63b662420915a113c4bec30e7b6.jpg,0,1,0,1,0,0,0,1
sandy-loam-20_png.rf.6da69adaaae104bd7d4577f360f85318.jpg,0,1,0,1,0,0,0,1
sandy-loam-56_jpg.rf.0b79604f478b892f67a5b8c92eea77fe.jpg,0,1,0,1,0,0,0,1
sandy-loam-50_jpg.rf.69ab5e6cf7f17e5e79fb8b142e5f582d.jpg,0,1,0,1,0,0,0,1
sandy-loam-59_jpg.rf.d3fb6c7bb710a0eac418c6d65901c5b6.jpg,0,1,0,1,0,0,0,1
laterite-11_png.rf.3085581b7160d3f190bb800d8384e480.jpg,1,0,0,1,0,0,1,0
sandy-loam-70_jpg.rf.2d758caf70dddc7386b328b16e344270.jpg,0,1,0,1,0,0,0,1
loamy-90_jpg.rf.a274df56cad7825b8053f59311a39d67.jpg,0,0,1,0,0,1,0,1
sandy-loam-62_jpg.rf.15e5ab7c2bf287e0572c53d8b5499396.jpg,0,1,0,1,0,0,0,1
sandy-loam-47_jpg.rf.17c46128657e54f74efe04fd3631116c.jpg,0,1,0,1,0,0,0,1
sandy-loam-64_jpg.rf.7626f4b4ffb9814cbe26150fe40bb776.jpg,0,1,0,1,0,0,0,1
laterite-15_png.rf.4caf943f7f438c11e9a960d69d36f771.jpg,1,0,0,1,0,0,1,0
laterite-64_jpg.rf.6f666c96f6334ae878bd01df84c12b1e.jpg,1,0,0,1,0,0,1,0
laterite-21_png.rf.c240a4d37460c9ff843fa19d4ee367c7.jpg,1,0,0,1,0,0,1,0
sandy-loam-47_jpg.rf.ad020cf5f9f89ae7ffca7a6bf7705465.jpg,0,1,0,1,0,0,0,1
laterite-14_png.rf.6a5eb00486e4ba0be617176207fa61bf.jpg,1,0,0,1,0,0,1,0
sandy-loam-48_jpg.rf.6ee204d1ca0c8cb6b868b9d7719a6a40.jpg,0,1,0,1,0,0,0,1
sandy-loam-48_jpg.rf.12b9f43f394bbdd377464faaa48ddf62.jpg,0,1,0,1,0,0,0,1
sandy-loam-49_jpg.rf.8a55bced791e6712923185fdbc56e76a.jpg,0,1,0,1,0,0,0,1
sandy-loam-5_png.rf.2a3740af6896f89f1f3aff3f5c593717.jpg,0,1,0,1,0,0,0,1
laterite-42_jpg.rf.a49a465d80ced4d635e3f0ce09ae3254.jpg,1,0,0,1,0,0,1,0
sandy-loam-66_jpg.rf.9c5ff4e49d9103837c43741fcd5ca3ee.jpg,0,1,0,1,0,0,0,1
laterite-69_jpg.rf.8945fabbe2e5bb25b51806c402c240a9.jpg,1,0,0,1,0,0,1,0
laterite-16_png.rf.5369faef34cd31c226aa900f53a9fa51.jpg,1,0,0,1,0,0,1,0
sandy-loam-60_jpg.rf.fc1fd394b648abfe7c38b8ab5386cb8f.jpg,0,1,0,1,0,0,0,1
sandy-loam-67_jpg.rf.bab4c4125e3f8166df48de7f219f28d7.jpg,0,1,0,1,0,0,0,1
laterite-2_png.rf.d438a7e9412d549ab38786b59cef5b86.jpg,1,0,0,1,0,0,1,0
sandy-loam-49_jpg.rf.f620e99fb3b765d70539b3ae117135ce.jpg,0,1,0,1,0,0,0,1
sandy-loam-51_jpg.rf.78d3af83ddcf66448fae9a19e48b5a86.jpg,0,1,0,1,0,0,0,1
sandy-loam-76_png.rf.b0275b458d521f61088dd7cc692d3c2a.jpg,0,1,0,1,0,0,0,1
sandy-loam-93_png.rf.650a783137c1c8b141c990ea117b443e.jpg,0,1,0,1,0,0,0,1
sandy-loam-72_png.rf.8b90a72dbeae81c246ac65ecafb35ec5.jpg,0,1,0,1,0,0,0,1
laterite-1_png.rf.43b56a3420b43c6e1ea2827bd3f395bf.jpg,1,0,0,1,0,0,1,0
sandy-loam-61_jpg.rf.5f1c775fb8676a27a1bcb5b92ae44732.jpg,0,1,0,1,0,0,0,1
laterite-20_png.rf.aa8223a4d0246c514933928fc8ee6976.jpg,1,0,0,1,0,0,1,0
laterite-73_jpg.rf.aa18ff1def2295951cf3f5ac4def1326.jpg,1,0,0,1,0,0,1,0
sandy-loam-63_jpg.rf.f591fc020b070e3ebdd993acbe843e68.jpg,0,1,0,1,0,0,0,1
laterite-41_jpg.rf.a63b02f0b55c62f277980e596dda0b83.jpg,1,0,0,1,0,0,1,0
sandy-loam-75_png.rf.15181aa1539ec9edfb638304e659ad22.jpg,0,1,0,1,0,0,0,1
laterite-72_jpg.rf.56725b26c1eacb6218e8df7359c8bc2c.jpg,1,0,0,1,0,0,1,0
sandy-loam-5_png.rf.0c76ccea4cc09efb85993aa72670b365.jpg,0,1,0,1,0,0,0,1
sandy-loam-52_jpg.rf.73513fb6b6bac2b3a620bc4b4b65a3c4.jpg,0,1,0,1,0,0,0,1
laterite-76_jpg.rf.121c39b2972a1907a655c490b322066b.jpg,1,0,0,1,0,0,1,0
sandy-loam-51_jpg.rf.c75121f265b456c278919f593565960b.jpg,0,1,0,1,0,0,0,1
laterite-18_png.rf.9c9ac617e1658aa4f60e3f6529d20266.jpg,1,0,0,1,0,0,1,0
sandy-loam-77_png.rf.9f9df890a00d78c01c0c8c1ec8adbaed.jpg,0,1,0,1,0,0,0,1
laterite-75_jpg.rf.d3619c636bfab9de108d07be9d600f5c.jpg,1,0,0,1,0,0,1,0
laterite-70_jpg.rf.b40aa3cc86132ee67b8c8202ff8f5cb3.jpg,1,0,0,1,0,0,1,0
laterite-40_jpg.rf.fa26c7b5803a4271ffb1ccdb8ccf2ad2.jpg,1,0,0,1,0,0,1,0
sandy-loam-59_jpg.rf.6a685e814df4c818eaaf7c9cb74eb810.jpg,0,1,0,1,0,0,0,1
laterite-47_jpg.rf.1fc251d5e4392ce2a3ba2c7352815dc3.jpg,1,0,0,1,0,0,1,0
sandy-loam-86_png.rf.d604b1c759213024b85a7c55ed00b2a9.jpg,0,1,0,1,0,0,0,1
laterite-74_jpg.rf.66734957d11c18fdc4b4f7c075d6bf10.jpg,1,0,0,1,0,0,1,0
sandy-loam-50_jpg.rf.70ae75a709bc226ee99fea40d0acc6c2.jpg,0,1,0,1,0,0,0,1
sandy-loam-56_jpg.rf.1b971e34a7dc47b166ec553d333e6f50.jpg,0,1,0,1,0,0,0,1
laterite-77_jpg.rf.192cc1656e61dbd8adbe622e1ccfe19c.jpg,1,0,0,1,0,0,1,0
laterite-45_jpg.rf.e1d52260a99656f2f3cce323c467a699.jpg,1,0,0,1,0,0,1,0
laterite-3_png.rf.ac067c5aca913e9242077c72b86cb547.jpg,1,0,0,1,0,0,1,0
sandy-loam-79_png.rf.afc0a2af11e608f8b075a1595aa25682.jpg,0,1,0,1,0,0,0,1
sandy-loam-54_jpg.rf.705d7ff81a36f1773982cac28607dc76.jpg,0,1,0,1,0,0,0,1
sandy-loam-95_png.rf.0f0bbf0a996de4af10e71f8e912985cb.jpg,0,1,0,1,0,0,0,1
sandy-loam-96_png.rf.0d3a7511e39cb59a94461e52ec286a71.jpg,0,1,0,1,0,0,0,1
sandy-loam-87_png.rf.07d5d5516626c0b466fa592da868afa4.jpg,0,1,0,1,0,0,0,1
sandy-loam-22_png.rf.225ee7eb3f920d958fbc3df22e2e74d7.jpg,0,1,0,1,0,0,0,1
loamy-92_jpg.rf.1ec08b0d60a2a0049c55cafa409cd53e.jpg,0,0,1,0,0,1,0,1
sandy-loam-80_png.rf.ef7f61886364202abbb3149953147915.jpg,0,1,0,1,0,0,0,1
laterite-23_png.rf.8a0e28ae836b32df7194fb4fd734c280.jpg,1,0,0,1,0,0,1,0
laterite-28_png.rf.c45a4071caf515a1ed897e715e5f0231.jpg,1,0,0,1,0,0,1,0
sandy-loam-53_jpg.rf.3e3794d6a327c171b36942a0a65ad958.jpg,0,1,0,1,0,0,0,1
sandy-loam-94_png.rf.602b2fcba0a1dcab2091099e95452e6c.jpg,0,1,0,1,0,0,0,1
sandy-loam-78_png.rf.7e409640785830ee98288b4267b7ba7f.jpg,0,1,0,1,0,0,0,1
sandy-loam-100_png.rf.1d639087c922668afc7faca120694c2c.jpg,0,1,0,1,0,0,0,1
laterite-34_jpg.rf.2dc9db36111085bdb954b56c7dfc1631.jpg,1,0,0,1,0,0,1,0
loamy-97_jpg.rf.4d2b70b18ac61ce685b8dec4b8595743.jpg,0,0,1,0,0,1,0,1
laterite-30_jpg.rf.a5c91ebd9a98c5d6d782614ad3464382.jpg,1,0,0,1,0,0,1,0
sandy-loam-10_png.rf.2f0df7552788c1e7f3b70466401cb049.jpg,0,1,0,1,0,0,0,1
laterite-80_jpg.rf.b918b00e113d810c5c786be32c6fb2ff.jpg,1,0,0,1,0,0,1,0
sandy-loam-6_png.rf.838d6701a4f0b3f1f1870623f6c1ece8.jpg,0,1,0,1,0,0,0,1
laterite-82_jpg.rf.d3e78b6442c5387ed1083a76b46050c6.jpg,1,0,0,1,0,0,1,0
laterite-48_jpg.rf.79e4d21be37b337b9cfe6ba9665ef678.jpg,1,0,0,1,0,0,1,0
sandy-loam-93_png.rf.57653053f80c6fd422434ac6d1d137a1.jpg,0,1,0,1,0,0,0,1
loamy-93_jpg.rf.7d73a64b008d1f593781a69f749c0941.jpg,0,0,1,0,0,1,0,1
laterite-32_jpg.rf.ab69b4c7d2b85b80d1b50b299fa82638.jpg,1,0,0,1,0,0,1,0
loamy-91_jpg.rf.3d537d4cf5cdcec98d0198467ef24e75.jpg,0,0,1,0,0,1,0,1
sandy-loam-62_jpg.rf.368bad14a8235f199d58ced566d42f08.jpg,0,1,0,1,0,0,0,1
sandy-loam-13_png.rf.9e06cc39c14ca330f9638831da805d23.jpg,0,1,0,1,0,0,0,1
sandy-loam-58_jpg.rf.482ac613dd30b7688950693c21a9e86d.jpg,0,1,0,1,0,0,0,1
laterite-29_png.rf.ef21d96ac6de57577be41f5c992e0ee1.jpg,1,0,0,1,0,0,1,0
laterite-50_jpg.rf.df665cf9d8b06bc87c967d7d8960cb84.jpg,1,0,0,1,0,0,1,0
sandy-loam-11_png.rf.d9544d4394cfd744fda469d987772be6.jpg,0,1,0,1,0,0,0,1
laterite-1_png.rf.0c65d673d90f442506d6de7c43eeff93.jpg,1,0,0,1,0,0,1,0
sandy-loam-63_jpg.rf.8049c0c07d4282933783083a73b5ced7.jpg,0,1,0,1,0,0,0,1
laterite-20_png.rf.e592c1b3bcaa36f0975ffcf6b0fe9537.jpg,1,0,0,1,0,0,1,0
sandy-loam-61_jpg.rf.d67021c76a39351676dc49939f81492a.jpg,0,1,0,1,0,0,0,1
laterite-5_png.rf.f5038adb38286bb10a2b684dca85a4bc.jpg,1,0,0,1,0,0,1,0
sandy-loam-90_png.rf.1cdf30ea1154304fe7b16b923d05ca66.jpg,0,1,0,1,0,0,0,1
laterite-18_png.rf.60dfba180f8034b9e93cff0f34e97dfd.jpg,1,0,0,1,0,0,1,0
sandy-loam-60_jpg.rf.cb929c755c2d102a7dff6656a92cda9f.jpg,0,1,0,1,0,0,0,1
sandy-loam-66_jpg.rf.7656dd5878ed016f690bf5e7bacaf802.jpg,0,1,0,1,0,0,0,1
laterite-21_png.rf.abb401ca0a2d439753a03e3937911fa6.jpg,1,0,0,1,0,0,1,0
laterite-12_png.rf.4e82b1e198567db905f26d7fa661bd0b.jpg,1,0,0,1,0,0,1,0
sandy-loam-18_png.rf.0f8145ea96c5e85819de6eb41ca7d597.jpg,0,1,0,1,0,0,0,1
laterite-84_jpg.rf.e634f63b207dd5c1e1708c27e4506f38.jpg,1,0,0,1,0,0,1,0
sandy-loam-29_jpg.rf.c2a03b0475cd989b7d8f51907628255f.jpg,0,1,0,1,0,0,0,1
laterite-27_png.rf.05bf0b397df76254005f06984820cf56.jpg,1,0,0,1,0,0,1,0
sandy-loam-14_png.rf.777823c27ba5a00d6491079bee5ee850.jpg,0,1,0,1,0,0,0,1
laterite-2_png.rf.ee3d6b8ccd17e6a5ef70f62340d8dd30.jpg,1,0,0,1,0,0,1,0
sandy-loam-15_png.rf.30d73c6b2846d460cbd3b571e511019c.jpg,0,1,0,1,0,0,0,1
laterite-31_jpg.rf.7c6bc1791889b2b3d07633571830e1c9.jpg,1,0,0,1,0,0,1,0
laterite-26_png.rf.751d14b127c3a647ebfefceb258c5875.jpg,1,0,0,1,0,0,1,0
loamy-85_jpg.rf.a9414b53a0e89a9c0ae35aeabbdbedf8.jpg,0,0,1,0,0,1,0,1
sandy-23_png.rf.288849b65e9c84b699c6bac80c8c7c72.jpg,1,0,0,1,0,0,1,0
sandy-loam-99_png.rf.31094ee40257216480346acf2511918b.jpg,0,1,0,1,0,0,0,1
sandy-loam-17_png.rf.718e2d3cedc0d7609bfb58a4b3eecaed.jpg,0,1,0,1,0,0,0,1
laterite-36_jpg.rf.4b0ccf9e140e77ac97ce917c81a5f616.jpg,1,0,0,1,0,0,1,0
laterite-15_png.rf.df19aa790a23219f9a658b1d1c8ec97a.jpg,1,0,0,1,0,0,1,0
sandy-loam-33_jpg.rf.b03f9ebe32eba0796c682d83596ece5c.jpg,0,1,0,1,0,0,0,1
laterite-37_jpg.rf.799ac95ec5bcae1bd111c0602941eec9.jpg,1,0,0,1,0,0,1,0
laterite-33_jpg.rf.ff5ee71e7587c1c7a663f067ff57fbe8.jpg,1,0,0,1,0,0,1,0
sandy-loam-98_png.rf.e928bcd82e991c16704f53b6b7b81da7.jpg,0,1,0,1,0,0,0,1
sandy-22_png.rf.4ff952c148f26636ef6d9b62c9460e6e.jpg,1,0,0,1,0,0,1,0
laterite-14_png.rf.eb5d88a82619022b6968f9b8acdbc6cd.jpg,1,0,0,1,0,0,1,0
sandy-1_png.rf.4043d9ae7e68553203edabf036998796.jpg,1,0,0,1,0,0,1,0
sandy-loam-2_png.rf.11258de040551663d2b01cbda9d48431.jpg,0,1,0,1,0,0,0,1
loamy-87_jpg.rf.14f1558023bb60293dd882ce7c808744.jpg,0,0,1,0,0,1,0,1
sandy-loam-88_png.rf.49940a89da5294801b7828002608d35d.jpg,0,1,0,1,0,0,0,1
laterite-35_jpg.rf.298f8cd9aab1c3c42340e368af234490.jpg,1,0,0,1,0,0,1,0
sandy-loam-64_jpg.rf.79ac882d01977f2153877af7b6b7e3ca.jpg,0,1,0,1,0,0,0,1
sandy-13_png.rf.7d6092e9d8b7930c4e7437790625d02d.jpg,1,0,0,1,0,0,1,0
laterite-31_jpg.rf.261c37cfc8bda17a6b8aa2742cba3ad2.jpg,1,0,0,1,0,0,1,0
loamy-82_jpg.rf.d7fcb6d9c88b63a2ed359755e7ad01c1.jpg,0,0,1,0,0,1,0,1
alluvial-97_jpg.rf.2360480837cfc38152f332d621a0f0dc.jpg,0,1,0,0,1,0,1,0
laterite-72_jpg.rf.fd27a8bcbd8f09699909401ce8b8d4e5.jpg,1,0,0,1,0,0,1,0
sandy-15_png.rf.12c2a5210aa5e40470e2da264d1c65b5.jpg,1,0,0,1,0,0,1,0
laterite-5_png.rf.bd98202fdb1420d40cc8028b8c4c52e4.jpg,1,0,0,1,0,0,1,0
sandy-60_jpg.rf.5c6761334dcff5a33429904485b12b3e.jpg,1,0,0,1,0,0,1,0
laterite-47_jpg.rf.7f1ddb09daa8c7c9ff0dddbbc88d7e11.jpg,1,0,0,1,0,0,1,0
laterite-48_jpg.rf.fa8629164566a5a8372eb140aaf5fb5b.jpg,1,0,0,1,0,0,1,0
loamy-81_jpg.rf.6d8b69093999cfd3f18ac141480cdb8f.jpg,0,0,1,0,0,1,0,1
alluvial-96_jpg.rf.658828d29bba8b44d1bdb34e38cb50dc.jpg,0,1,0,0,1,0,1,0
sandy-53_jpg.rf.626980b7310a8ae55ae602953013b11a.jpg,1,0,0,1,0,0,1,0
sandy-55_jpg.rf.7de9c78434954c4f1e96560a2b58bc1d.jpg,1,0,0,1,0,0,1,0
sandy-88_jpg.rf.a6fb03d4626f151dc55ea8f458b5a1ad.jpg,1,0,0,1,0,0,1,0
loamy-74_jpg.rf.458fe655f1ee1e76a5bf7d3a9c407210.jpg,0,0,1,0,0,1,0,1
alluvial-99_png.rf.e2214c7283848527acfccb14ab804d00.jpg,0,1,0,0,1,0,1,0
sandy-2_png.rf.e1fbbba187f137d3e2a6d32a26b0fe50.jpg,1,0,0,1,0,0,1,0
sandy-45_jpg.rf.33f3cf9e61dbed269539f5105bfda04f.jpg,1,0,0,1,0,0,1,0
alluvial-92_jpg.rf.982467ef53a4e8599723c90dccbcefd7.jpg,0,1,0,0,1,0,1,0
sandy-52_jpg.rf.ed7b7a4fbf4f1cad015168d6341ec233.jpg,1,0,0,1,0,0,1,0
sandy-43_jpg.rf.df0df7666b6b5021fce6e9a3c941ec03.jpg,1,0,0,1,0,0,1,0
sandy-37_jpg.rf.706ab05e8c20152a431cd5ba118775a5.jpg,1,0,0,1,0,0,1,0
laterite-77_jpg.rf.5a9e7e44168b1488a2321e358a1384ec.jpg,1,0,0,1,0,0,1,0
sandy-39_jpg.rf.94c078ae8fbed128b91f0c561bee3a90.jpg,1,0,0,1,0,0,1,0
laterite-74_jpg.rf.4d94fc67f2135f62e8e856331874df0c.jpg,1,0,0,1,0,0,1,0
clay-15_png.rf.ef1b66b6adb70c591d0f92cdb5074d85.jpg,0,0,1,0,0,1,0,1
clay-10_png.rf.58db9c9332c7c968bb7fbd94a8481874.jpg,0,0,1,0,0,1,0,1
laterite-39_jpg.rf.87b7e8cdfeaa9e12e4c67d8ca094c5f2.jpg,1,0,0,1,0,0,1,0
laterite-63_jpg.rf.20720efda3aa3357ae4dde8dbdb9ebcd.jpg,1,0,0,1,0,0,1,0
laterite-50_jpg.rf.5a9b2352646437c101159f1814a1ee9b.jpg,1,0,0,1,0,0,1,0
sandy-41_jpg.rf.c6415e99e136830309918cf620214f2d.jpg,1,0,0,1,0,0,1,0
sandy-72_jpg.rf.3b0407b41e501d6c81385ee76fc5e908.jpg,1,0,0,1,0,0,1,0
laterite-98_jpg.rf.0c13e2b9c4b1140ebd2886d31bc5ec3b.jpg,1,0,0,1,0,0,1,0
laterite-99_jpg.rf.60e475ee560cf12d845c86365b5e4b66.jpg,1,0,0,1,0,0,1,0
laterite-29_png.rf.aafeade0b7f40aa2af0d7128305bfe08.jpg,1,0,0,1,0,0,1,0
clay-30_png.rf.2804235a5719c4fa5a2e9dcd91c2dd74.jpg,0,0,1,0,0,1,0,1
laterite-40_jpg.rf.569c86edf82b65834b74aafe5e6282dc.jpg,1,0,0,1,0,0,1,0
laterite-80_jpg.rf.49598fc9f7d6c5643faad3c9925fcb55.jpg,1,0,0,1,0,0,1,0
alluvial-96_jpg.rf.b6b392cd1cc8a77a41f84fa831963119.jpg,0,1,0,0,1,0,1,0
laterite-76_jpg.rf.f53eee0e11c9dafa02c72fb4398a432e.jpg,1,0,0,1,0,0,1,0
sandy-1_png.rf.b4330499647b9127b86fb6cb18e96fb3.jpg,1,0,0,1,0,0,1,0
laterite-27_png.rf.52c7111ff24f1c70f1cd1475831cbf68.jpg,1,0,0,1,0,0,1,0
clay-100_jpg.rf.79cafe7d6964537e2592ba9c5356c252.jpg,0,0,1,0,0,1,0,1
clay-49_jpg.rf.2aa52afd4163d3c6ec047ff885927032.jpg,0,0,1,0,0,1,0,1
sandy-38_jpg.rf.2374c8f553972aa84a21eaae511ee341.jpg,1,0,0,1,0,0,1,0
laterite-75_jpg.rf.cfcaaa08c0f5b3dfda27e0cb5313370f.jpg,1,0,0,1,0,0,1,0
sandy-17_png.rf.ee8785142d13968d3c5ddaf6839c0372.jpg,1,0,0,1,0,0,1,0
clay-11_png.rf.3804be96d0e6f886896deb3a26820f42.jpg,0,0,1,0,0,1,0,1
sandy-89_jpg.rf.35810c5fde03f80be64a5e8d10fe743d.jpg,1,0,0,1,0,0,1,0
sandy-42_jpg.rf.d461e3d7f5d8c12c8510e07bc0a330ce.jpg,1,0,0,1,0,0,1,0
laterite-34_jpg.rf.3020d7c3cffc017d880fd42022a131b3.jpg,1,0,0,1,0,0,1,0
sandy-10_png.rf.4d4044f0fca505e638e2530f5c22b606.jpg,1,0,0,1,0,0,1,0
sandy-8_png.rf.90cd977d38e2ec11304d4655d4f50634.jpg,1,0,0,1,0,0,1,0
sandy-46_jpg.rf.52e7d553b0b3e70ea26b72e0d82a5037.jpg,1,0,0,1,0,0,1,0
laterite-82_jpg.rf.e46be381e013c89f9187b48d9e97820d.jpg,1,0,0,1,0,0,1,0
sandy-51_jpg.rf.773a4fc5a0fcd060fba90c02cb2ffbff.jpg,1,0,0,1,0,0,1,0
laterite-32_jpg.rf.5e17cedc72fb1084adbae9acfe668935.jpg,1,0,0,1,0,0,1,0
sandy-40_jpg.rf.5ff1794a2d0b5e768db129bc81fd0e07.jpg,1,0,0,1,0,0,1,0
clay-43_jpg.rf.b2a437f6658d9d9d458d3721ad62d80c.jpg,0,0,1,0,0,1,0,1
clay-2_png.rf.c2a62a2f872d1c95bb0e9da7fb8d39fc.jpg,0,0,1,0,0,1,0,1
clay-14_png.rf.781bde1b6e4948e303870c03986aa31d.jpg,0,0,1,0,0,1,0,1
sandy-82_jpg.rf.944beadfc586c7414fd498358132e4e1.jpg,1,0,0,1,0,0,1,0
sandy-54_jpg.rf.8cd04dec5b2a9ecdf52206f81f38164f.jpg,1,0,0,1,0,0,1,0
alluvial-95_jpg.rf.72af377f28b33967074f69beef14da15.jpg,0,1,0,0,1,0,1,0
laterite-73_jpg.rf.d2cc64b5291fe244ead0994eed305a5d.jpg,1,0,0,1,0,0,1,0
clay-32_jpg.rf.c499f00012746d31566f006943f4ef32.jpg,0,0,1,0,0,1,0,1
loamy-83_jpg.rf.8f7368443f262e6190e08e2bb8c8a9e6.jpg,0,0,1,0,0,1,0,1
alluvial-98_jpg.rf.4036b967cdd593fe4cedd5b4a419ab33.jpg,0,1,0,0,1,0,1,0
sandy-35_jpg.rf.adf6a3262e358b546f3e36cef8a2ae95.jpg,1,0,0,1,0,0,1,0
clay-3_png.rf.97b6b2fdf3797bf00ecd9a5f0288c28e.jpg,0,0,1,0,0,1,0,1
alluvial-98_jpg.rf.8fc856e50fee85379686f84017e2b883.jpg,0,1,0,0,1,0,1,0
sandy-18_png.rf.eddf0f4bfed0526dabd7fef460a9f469.jpg,1,0,0,1,0,0,1,0
clay-31_jpg.rf.f2627f310f5e9fba585bd010462f31ab.jpg,0,0,1,0,0,1,0,1
sandy-49_jpg.rf.8266f2675fc25263af64a186ba7ebcbb.jpg,1,0,0,1,0,0,1,0
clay-21_png.rf.574691eaa697edae4d062b287bd14cff.jpg,0,0,1,0,0,1,0,1
sandy-12_png.rf.4c96c3b0c13b2f690d8b165663e955d2.jpg,1,0,0,1,0,0,1,0
sandy-50_jpg.rf.3806e92708ab1dbfd1ced7b7623bff05.jpg,1,0,0,1,0,0,1,0
clay-51_jpg.rf.c53bb40598d6c86c332be4a64ee6b6e0.jpg,0,0,1,0,0,1,0,1
clay-19_png.rf.f66f7660f5347d35f3362cac76e22570.jpg,0,0,1,0,0,1,0,1
laterite-70_jpg.rf.d61cb699c66c23ee2690c37602bc0836.jpg,1,0,0,1,0,0,1,0
clay-19_png.rf.5a64cf931d954d54dd9c7132e939d99c.jpg,0,0,1,0,0,1,0,1
clay-32_jpg.rf.28f6a92885aa4fae3cfe079abb269582.jpg,0,0,1,0,0,1,0,1
clay-33_jpg.rf.2cad2103c39f9ef5702507aaed6f5abe.jpg,0,0,1,0,0,1,0,1
sandy-24_png.rf.e54da26d4129e31eb0bd66d989134055.jpg,1,0,0,1,0,0,1,0
laterite-45_jpg.rf.8af8fad7bd8264fbbc0957bc14d0585b.jpg,1,0,0,1,0,0,1,0
sandy-28_png.rf.73240622f95c902c5eeab70b196c3695.jpg,1,0,0,1,0,0,1,0
laterite-97_jpg.rf.440845e58438a8488ccb8a63d91eea79.jpg,1,0,0,1,0,0,1,0
sandy-61_jpg.rf.29bf9e4d2973c9f9e2836a595f479ed2.jpg,1,0,0,1,0,0,1,0
clay-57_jpg.rf.be027ed9a4485772c7342d7296984321.jpg,0,0,1,0,0,1,0,1
laterite-95_jpg.rf.955cdaa5985b76232e861a6da1e99251.jpg,1,0,0,1,0,0,1,0
clay-25_png.rf.ae7b98b9683201008bfc9cfbb866b6fd.jpg,0,0,1,0,0,1,0,1
sandy-23_png.rf.d0ed470b78f7034f0d8c376c16349485.jpg,1,0,0,1,0,0,1,0
sandy-100_jpg.rf.1815b2a85bf441c2b6c85bbf4934289d.jpg,1,0,0,1,0,0,1,0
laterite-96_jpg.rf.6e9d422cd004d6432ffe36f40ab2afc0.jpg,1,0,0,1,0,0,1,0
sandy-83_jpg.rf.6de58849059999fd624c545c3e74fbd7.jpg,1,0,0,1,0,0,1,0
sandy-11_png.rf.ec8df194a356a465004c7ac51c6f25e5.jpg,1,0,0,1,0,0,1,0
clay-12_png.rf.e3f37f928337047781b8ff74a3206222.jpg,0,0,1,0,0,1,0,1
sandy-34_jpg.rf.7f8fdd45bc4740664b171127b50a71ff.jpg,1,0,0,1,0,0,1,0
clay-29_png.rf.320a6ff8ac2b88ca20e2ddd3a38238a7.jpg,0,0,1,0,0,1,0,1
clay-61_jpg.rf.f4d051d7dad337197af671397dd905af.jpg,0,0,1,0,0,1,0,1
sandy-70_jpg.rf.b2335c165aeadcded85563e1c1db1e27.jpg,1,0,0,1,0,0,1,0
sandy-68_jpg.rf.a2728c1fd3bc29999c59c780977ca572.jpg,1,0,0,1,0,0,1,0
sandy-31_png.rf.f21f5815b87c28b7ab30f2ee415e58dc.jpg,1,0,0,1,0,0,1,0
laterite-98_jpg.rf.eccb8e0a265fdc00f5f99a2e92442232.jpg,1,0,0,1,0,0,1,0
clay-31_jpg.rf.ea2383fa525f290e343becb804191937.jpg,0,0,1,0,0,1,0,1
sandy-66_jpg.rf.8d5003bc190a78683fc036b73951d07a.jpg,1,0,0,1,0,0,1,0
sandy-32_jpg.rf.6773b9c4104333ffe7600cd17ff3d6d0.jpg,1,0,0,1,0,0,1,0
clay-64_jpg.rf.0d896632b3a6a1241e80b3fe94850bb1.jpg,0,0,1,0,0,1,0,1
clay-65_jpg.rf.80e8049e4b361ffd22988eea171ebdfe.jpg,0,0,1,0,0,1,0,1
sandy-80_jpg.rf.34a8a4769fc917226ff66a738459d8f6.jpg,1,0,0,1,0,0,1,0
clay-13_png.rf.9aab8e9c7857a3ae772ccc43a0b03c65.jpg,0,0,1,0,0,1,0,1
alluvial-96_jpg.rf.0b65e30f0b66c1343f770738afb18e9a.jpg,0,1,0,0,1,0,1,0
clay-62_jpg.rf.149ea21385d0f52127dc17fda7746215.jpg,0,0,1,0,0,1,0,1
sandy-75_jpg.rf.3384778dc777a08a629cc2ce66e2edae.jpg,1,0,0,1,0,0,1,0
clay-24_png.rf.5a0549fe79f1bcf5bb1b375ab6847663.jpg,0,0,1,0,0,1,0,1
clay-11_png.rf.b09ce520dd6d207ef8210ee708449da5.jpg,0,0,1,0,0,1,0,1
sandy-84_jpg.rf.b4ab385f491ec7aa21ea82e51d296578.jpg,1,0,0,1,0,0,1,0
clay-13_png.rf.4ac5bda6f05b5f6d70d34342f848d528.jpg,0,0,1,0,0,1,0,1
sandy-27_png.rf.a47a2e4bcc193479f6df00e7900658a0.jpg,1,0,0,1,0,0,1,0
clay-9_png.rf.743248ba30f5a8baf8f7adb36afc42d9.jpg,0,0,1,0,0,1,0,1
sandy-22_png.rf.50d3ec16b7939ade57abeeef31c6a870.jpg,1,0,0,1,0,0,1,0
clay-95_jpg.rf.f65dc29967c14e113f1bfb46178a079e.jpg,0,0,1,0,0,1,0,1
clay-5_png.rf.58caa14e2787e94977e6eaecbfff480d.jpg,0,0,1,0,0,1,0,1
clay-90_jpg.rf.4d915266c374393b713facaf3f27baae.jpg,0,0,1,0,0,1,0,1
clay-14_png.rf.c05674a1db641ec363a2fd92907e9f7e.jpg,0,0,1,0,0,1,0,1
clay-91_jpg.rf.4194b1fbfe7f678cfea52ea10f88f621.jpg,0,0,1,0,0,1,0,1
sandy-25_png.rf.84556195c82a245c92b8334996c353fc.jpg,1,0,0,1,0,0,1,0
sandy-76_jpg.rf.b83097dfc4a55e0c47f6fc2505b6e527.jpg,1,0,0,1,0,0,1,0
clay-96_jpg.rf.0c50255ca6f846a4502c8eaf2d04ca74.jpg,0,0,1,0,0,1,0,1
clay-30_png.rf.63dcd1b392ea874207e06e1698e3c441.jpg,0,0,1,0,0,1,0,1
clay-10_png.rf.388a1e5792e2b501ff47927997790381.jpg,0,0,1,0,0,1,0,1
sandy-92_jpg.rf.f4dddbdce0f0a7cb49852b4ed74ffccd.jpg,1,0,0,1,0,0,1,0
laterite-99_jpg.rf.d6e471862d40a58e9ab331bffee025b3.jpg,1,0,0,1,0,0,1,0
sandy-74_jpg.rf.04a0c888761b280cff604f6548e2b98b.jpg,1,0,0,1,0,0,1,0
clay-22_png.rf.1aa3316a319bbf79cbac2c205465c171.jpg,0,0,1,0,0,1,0,1
loamy-10_png.rf.55aa8be5bc0efbce69a622d70af7d4d2.jpg,0,0,1,0,0,1,0,1
sandy-7_png.rf.37a0086ffd63fcf0e5d2236e6b2a812a.jpg,1,0,0,1,0,0,1,0
sandy-39_jpg.rf.0fc236d7afe9fbe8255bbca4ffbaedb7.jpg,1,0,0,1,0,0,1,0
sandy-42_jpg.rf.39c0fdfa0a914a90a9780753face873c.jpg,1,0,0,1,0,0,1,0
alluvial-15_jpg.rf.94d50fb2d0274a0563afe4fcabb599da.jpg,0,1,0,0,1,0,1,0
clay-53_jpeg.rf.c8dba054e013fa3e55c8ad7cbba7793c.jpg,0,0,1,0,0,1,0,1
sandy-40_jpg.rf.5a3d57e1d635b0a688265182abb360d1.jpg,1,0,0,1,0,0,1,0
loamy-100_jpg.rf.47e8869abfc53f1939a020385e1e45b8.jpg,0,0,1,0,0,1,0,1
loamy-1_png.rf.6c114f3d5fdf2996d0b9be7c6bb4802a.jpg,0,0,1,0,0,1,0,1
clay-26_png.rf.39b312b2b305c153dd9f670df8dd12b5.jpg,0,0,1,0,0,1,0,1
sandy-87_jpg.rf.58c8ba7279da0f8e0d2d3fc77448210e.jpg,1,0,0,1,0,0,1,0
clay-12_png.rf.a20ea5fc0dde6312751999bdf9c5aca4.jpg,0,0,1,0,0,1,0,1
sandy-49_jpg.rf.5ad871403baf985786b170699959d5ea.jpg,1,0,0,1,0,0,1,0
alluvial-14_jpeg.rf.94784de005abc507335a42f6de43295f.jpg,0,1,0,0,1,0,1,0
clay-33_jpg.rf.33ad193a9d2d5ddb2053d471d11f5b7e.jpg,0,0,1,0,0,1,0,1
sandy-91_jpg.rf.ed74ace989ea3301ace7c7050c1f1500.jpg,1,0,0,1,0,0,1,0
sandy-41_jpg.rf.59b66fbe7dd8f2d799e7555bd06cc915.jpg,1,0,0,1,0,0,1,0
clay-70_jpg.rf.22e5cc29af23d88707711ab78f3aa5f7.jpg,0,0,1,0,0,1,0,1
clay-34_jpg.rf.f86fc7a7550a0533a2e8414936b39cf3.jpg,0,0,1,0,0,1,0,1
sandy-86_jpg.rf.b50d69a550545382d7216d893cbeee0a.jpg,1,0,0,1,0,0,1,0
sandy-95_jpg.rf.c55e7e37b77e478afb556f663d9efe05.jpg,1,0,0,1,0,0,1,0
sandy-43_jpg.rf.7075841e04aba4b0af62fee189717108.jpg,1,0,0,1,0,0,1,0
sandy-45_jpg.rf.a95c707db6c10b2f96d23b379577e648.jpg,1,0,0,1,0,0,1,0
sandy-46_jpg.rf.bc0c4ff7edd2e436e8f1232a882d3731.jpg,1,0,0,1,0,0,1,0
sandy-50_jpg.rf.029ab75bf946f3389d6a874891d08443.jpg,1,0,0,1,0,0,1,0
clay-7_png.rf.5cf854da193560576376f309d47adb9b.jpg,0,0,1,0,0,1,0,1
clay-23_png.rf.bbdc8a49a422f779047ff3d2cf824809.jpg,0,0,1,0,0,1,0,1
sandy-80_jpg.rf.5fb7ea10511a92ea2464d3d31b820385.jpg,1,0,0,1,0,0,1,0
clay-38_jpg.rf.98a32bfc6d91f9fc4651b72a66d9f95b.jpg,0,0,1,0,0,1,0,1
sandy-90_jpg.rf.551a33a60d4e68e1f1a32c12c15d36e3.jpg,1,0,0,1,0,0,1,0
clay-71_jpg.rf.93f6678816ca915f3505fd2b714f385a.jpg,0,0,1,0,0,1,0,1
sandy-96_jpg.rf.e41830488b04c0fd93537427eba6620e.jpg,1,0,0,1,0,0,1,0
clay-3_png.rf.1d70cf6cf17a526f2b10d22bcbde901c.jpg,0,0,1,0,0,1,0,1
sandy-9_png.rf.50470d856b59f598237588ee9d3c731a.jpg,1,0,0,1,0,0,1,0
clay-29_png.rf.e141d4066e0ba77ac9d553dd3629a9f9.jpg,0,0,1,0,0,1,0,1
clay-79_jpg.rf.f468c066f1a92eb0e7fc78f5fa181226.jpg,0,0,1,0,0,1,0,1
sandy-51_jpg.rf.bb35ffd714b974dc35555bf05be090f2.jpg,1,0,0,1,0,0,1,0
sandy-96_jpg.rf.5d8517192d0c0169d10079f89e81edde.jpg,1,0,0,1,0,0,1,0
clay-83_jpg.rf.017c732d2aa2996d93529a46333157b8.jpg,0,0,1,0,0,1,0,1
clay-93_jpg.rf.acc4dcea4b865fbb72a6b53ffaab47a5.jpg,0,0,1,0,0,1,0,1
sandy-90_jpg.rf.083b51d88da6e3f92501bd5c4cca9b70.jpg,1,0,0,1,0,0,1,0
laterite-92_jpg.rf.619e4fcec08b65312fe69ebd3f8e3270.jpg,1,0,0,1,0,0,1,0
loamy-11_png.rf.b8b1b2c4d359b258e52e2875e98d816e.jpg,0,0,1,0,0,1,0,1
sandy-97_jpg.rf.f5066d9d9bd26207db39c28fe6a5ea69.jpg,1,0,0,1,0,0,1,0
laterite-90_jpg.rf.da1fde716e22e4d0db4300e3dfedec40.jpg,1,0,0,1,0,0,1,0
laterite-93_jpg.rf.b99756636a1b87eeaaf11546988d2fa6.jpg,1,0,0,1,0,0,1,0
sandy-82_jpg.rf.7bb4980f282c02af551f4196fd89aa10.jpg,1,0,0,1,0,0,1,0
clay-74_jpg.rf.4bf470058c578492ae9de7f52be30481.jpg,0,0,1,0,0,1,0,1
sandy-95_jpg.rf.f023d8cf6d9b71be2201c231d45d65a3.jpg,1,0,0,1,0,0,1,0
clay-76_jpg.rf.92a4145d8a49cdbf2f50d6156a314c41.jpg,0,0,1,0,0,1,0,1
sandy-97_jpg.rf.5c542757320accb853083e4423256b95.jpg,1,0,0,1,0,0,1,0
loamy-12_png.rf.30c84c7f5f2f119cd7b19b94d4f29cb2.jpg,0,0,1,0,0,1,0,1
clay-73_jpg.rf.5dd9853608dbabd71db70ee4c7bee92a.jpg,0,0,1,0,0,1,0,1
loamy-10_png.rf.ab8793beb8f7b0ace81312a14a3ad38b.jpg,0,0,1,0,0,1,0,1
clay-81_jpg.rf.a874aae3e3905b272213a0e7be515f94.jpg,0,0,1,0,0,1,0,1
loamy-16_png.rf.e14509a57534fa1debaa776f38b59545.jpg,0,0,1,0,0,1,0,1
clay-84_jpg.rf.6da4cd2eba0487ed22ce9ba1c22fdf7f.jpg,0,0,1,0,0,1,0,1
sandy-87_jpg.rf.a22898c3db3f70b12c47be6d21aaadcd.jpg,1,0,0,1,0,0,1,0
clay-37_jpg.rf.58fe0ce43b5fad96a36e2630aac71a80.jpg,0,0,1,0,0,1,0,1
clay-100_jpg.rf.6ca2b1346753c1164d1b45d3be062018.jpg,0,0,1,0,0,1,0,1
clay-75_jpg.rf.bf222e0b4c04cafa030c0442612c74f1.jpg,0,0,1,0,0,1,0,1
sandy-89_jpg.rf.1e38df957238677b8a19f44cd8c6d37a.jpg,1,0,0,1,0,0,1,0
sandy-88_jpg.rf.1d09294d2175f6c380c46b193ac4c5b1.jpg,1,0,0,1,0,0,1,0
clay-82_jpg.rf.f98b3217111ae7e192c7d1bd0286a2ea.jpg,0,0,1,0,0,1,0,1
clay-36_jpg.rf.1258b41c640589e512685f83a720ced7.jpg,0,0,1,0,0,1,0,1
clay-59_jpeg.rf.70fb119c1ffa28f39b7925610943e845.jpg,0,0,1,0,0,1,0,1
alluvial-10_png.rf.1bf7b4e7ac889ff7c1a9e17cb111bd1b.jpg,0,1,0,0,1,0,1,0
sandy-92_jpg.rf.ced5c21deb6fcc3668f1eba4c899d979.jpg,1,0,0,1,0,0,1,0
loamy-45_jpg.rf.61cef74487eaa1fdee65cdc4d9a2a6bc.jpg,0,0,1,0,0,1,0,1
clay-97_jpg.rf.284b8b394781144a0cf8a545d7c33986.jpg,0,0,1,0,0,1,0,1
clay-85_jpg.rf.52831a575a0f3891eb670b8a947230bd.jpg,0,0,1,0,0,1,0,1
loamy-19_jpg.rf.a00d3303b2e3ee48a859c1fa7409033b.jpg,0,0,1,0,0,1,0,1
clay-98_jpg.rf.a8db331cac565d2319f4764b104c443c.jpg,0,0,1,0,0,1,0,1
sandy-84_jpg.rf.5280f7f8319e9d35e63b85a837af3108.jpg,1,0,0,1,0,0,1,0
sandy-98_jpg.rf.e139dcbc81176504e5bb5743c8bbcf78.jpg,1,0,0,1,0,0,1,0
loamy-18_jpg.rf.88bcfc652b3ced253f4aab7cf7836cc0.jpg,0,0,1,0,0,1,0,1
loamy-49_jpg.rf.6fdace5d7cff1db24f810a287d9d0f46.jpg,0,0,1,0,0,1,0,1
sandy-86_jpg.rf.f7c49a72ac15e2c5b2e1464ec9a83abc.jpg,1,0,0,1,0,0,1,0
sandy-70_jpg.rf.412ff59338e0bb8dcf33e6af3a5ae47c.jpg,1,0,0,1,0,0,1,0
sandy-98_jpg.rf.e8318e29b9e0594763d8c380e9e15800.jpg,1,0,0,1,0,0,1,0
loamy-23_jpg.rf.d9006068b304323188ddbd1cad39dd99.jpg,0,0,1,0,0,1,0,1
loamy-50_jpg.rf.72384858f716e20e28edfd3a40b5c556.jpg,0,0,1,0,0,1,0,1
loamy-43_jpg.rf.ef3b9aeeef99089e954db0be2eebc38a.jpg,0,0,1,0,0,1,0,1
clay-88_jpg.rf.6c8a5f49f8d037a3de0c43e71f09e14b.jpg,0,0,1,0,0,1,0,1
loamy-24_jpg.rf.6a19957495f2aa7f83c730340a772541.jpg,0,0,1,0,0,1,0,1
loamy-16_png.rf.b7a8e7c7953e2497b20bdb47b29df71c.jpg,0,0,1,0,0,1,0,1
loamy-34_jpg.rf.56731a910275432105b6e210e6f9585a.jpg,0,0,1,0,0,1,0,1
loamy-26_jpg.rf.5f44b36f2be59bf1c08919195ce4a163.jpg,0,0,1,0,0,1,0,1
loamy-44_jpg.rf.a9e98a61b354241359dc4989c40d63da.jpg,0,0,1,0,0,1,0,1
alluvial-10_png.rf.3d54a6ab8159681a72237b008afcf04c.jpg,0,1,0,0,1,0,1,0
loamy-48_jpg.rf.07f4794b44635d36802f2ce709a3b290.jpg,0,0,1,0,0,1,0,1
loamy-12_png.rf.3c28765d0c9cba1e5a7c2b57332f7654.jpg,0,0,1,0,0,1,0,1
sandy-91_jpg.rf.b9fa914f8ac4d14842a89e24d119a6e5.jpg,1,0,0,1,0,0,1,0
sandy-61_jpg.rf.084a5c2bf3e8c9636e34b4af12be2fd1.jpg,1,0,0,1,0,0,1,0
sandy-74_jpg.rf.21dbdb7757ade45bc0ab876b20a84902.jpg,1,0,0,1,0,0,1,0
sandy-75_jpg.rf.2e2e89038d15190a20ebfde0dee7d48b.jpg,1,0,0,1,0,0,1,0
loamy-46_jpg.rf.d7ace517d97e4519cc387fac87ff7919.jpg,0,0,1,0,0,1,0,1
clay-77_jpg.rf.4e6fd8ea0e7c5f8c6d1eb27b1bf8137f.jpg,0,0,1,0,0,1,0,1
clay-86_jpg.rf.60bffbf09580675f59be092ac9d2831b.jpg,0,0,1,0,0,1,0,1
loamy-20_jpg.rf.54d70b0a658b166a6ec729c11ba4fd7b.jpg,0,0,1,0,0,1,0,1
clay-34_jpg.rf.5a7ff6f7f9e8ee680f939b1032811d71.jpg,0,0,1,0,0,1,0,1
clay-53_jpeg.rf.ba71c89028881d15a07c9c3a6fb1e3b6.jpg,0,0,1,0,0,1,0,1
sandy-66_jpg.rf.ae45d7a35f1144d6b95ec694f1150c30.jpg,1,0,0,1,0,0,1,0
alluvial-15_jpg.rf.29fa56436d6b5990c699806d9a8c2c93.jpg,0,1,0,0,1,0,1,0
clay-69_jpg.rf.30b0c7a4eb7469c9ff9d01064fe3354a.jpg,0,0,1,0,0,1,0,1
alluvial-16_jpg.rf.09aead523ed612a61594aab43cfe2b04.jpg,0,1,0,0,1,0,1,0
sandy-68_jpg.rf.6a4a36071a84f80fa8020c77fe6ad37d.jpg,1,0,0,1,0,0,1,0
sandy-72_jpg.rf.952a04e01e5a7369c0a7adfcb246ea1a.jpg,1,0,0,1,0,0,1,0
sandy-9_png.rf.d3357ae9dc3a63ef0896f832739c6c56.jpg,1,0,0,1,0,0,1,0
sandy-8_png.rf.a458ea76eb7f3c4acb3e8183fff88190.jpg,1,0,0,1,0,0,1,0
loamy-1_png.rf.f4ce10778a96e91b98aadfbf60cb2e38.jpg,0,0,1,0,0,1,0,1
clay-98_jpg.rf.9e9903d31af66362bc9aa8bbd2995eb0.jpg,0,0,1,0,0,1,0,1
sandy-76_jpg.rf.9f058a6c8f04100c4774d2b115b0e357.jpg,1,0,0,1,0,0,1,0
loamy-31_jpg.rf.8ea881c862e5ce4d5f95251cb42b8913.jpg,0,0,1,0,0,1,0,1
loamy-82_jpg.rf.51704f973c5894f341864d99fb06a7f0.jpg,0,0,1,0,0,1,0,1
loamy-36_jpg.rf.0eacd57f411a55a2258b74f0776f0c5a.jpg,0,0,1,0,0,1,0,1
loamy-31_jpg.rf.75593257809f21ffe82fd6a3580b9f62.jpg,0,0,1,0,0,1,0,1
alluvial-28_jpg.rf.85edae84f6dc00b60b2b0d803633ca0c.jpg,0,1,0,0,1,0,1,0
alluvial-29_jpg.rf.58df7793eb79dab9b224f1994be4f46f.jpg,0,1,0,0,1,0,1,0
alluvial-32_jpg.rf.5bbcb1d1b7f5d23db97ad41f9db703c6.jpg,0,1,0,0,1,0,1,0
clay-15_png.rf.4c72c34b2d5932c1f1d489d331ab6288.jpg,0,0,1,0,0,1,0,1
alluvial-30_jpg.rf.1d871134e3571c71e2d1f90eeb90e96a.jpg,0,1,0,0,1,0,1,0
laterite-87_jpg.rf.0c2a910e3a539cfbc261ae8fda33d9e4.jpg,1,0,0,1,0,0,1,0
alluvial-33_jpg.rf.9982f355154c77fa28f5c730318ae7ce.jpg,0,1,0,0,1,0,1,0
sandy-loam-29_jpg.rf.3eec83bfff2b92705602492a694ff1e5.jpg,0,1,0,1,0,0,0,1
alluvial-23_jpg.rf.22e6954436fd1467e8ed24d3c38e42f0.jpg,0,1,0,0,1,0,1,0
loamy-83_jpg.rf.21d182ee31fe7b73a689719868703717.jpg,0,0,1,0,0,1,0,1
laterite-83_jpeg.rf.e152c88534cdec5a34de362669115a82.jpg,1,0,0,1,0,0,1,0
loamy-38_jpg.rf.67315e38fa232b349b13cec2793d71d8.jpg,0,0,1,0,0,1,0,1
laterite-85_jpg.rf.80d8c98f19b3937ee6072a81fb2614a4.jpg,1,0,0,1,0,0,1,0
loamy-8_png.rf.20997a12f2249358d0ba6cc2d0bbad9e.jpg,0,0,1,0,0,1,0,1
alluvial-34_jpg.rf.e0b91a17b138fd3d3da2dfe5575be929.jpg,0,1,0,0,1,0,1,0
sandy-loam-32_jpg.rf.95f1cbfbbfa6cbd3ca833b752e46c1a5.jpg,0,1,0,1,0,0,0,1
loamy-3_png.rf.8e77fff458ab48e7e818d9c9f988db4a.jpg,0,0,1,0,0,1,0,1
alluvial-30_jpg.rf.cbedd16e57531a59e07d37e36f727165.jpg,0,1,0,0,1,0,1,0
loamy-80_jpg.rf.6684f65f95ee8f6c14c92858787348b3.jpg,0,0,1,0,0,1,0,1
loamy-81_jpg.rf.4de9589638873a4f10e527c89250e846.jpg,0,0,1,0,0,1,0,1
loamy-8_png.rf.03aa8b65b1a242beda046d18206bec9e.jpg,0,0,1,0,0,1,0,1
laterite-95_jpg.rf.490e31f5ce8739fe68072b0493eac146.jpg,1,0,0,1,0,0,1,0
alluvial-17_jpg.rf.4aba0737c504a6cb24f87e24e0acab25.jpg,0,1,0,0,1,0,1,0
loamy-87_jpg.rf.b91eb22872816f1de0f20e15ac522842.jpg,0,0,1,0,0,1,0,1
loamy-88_jpg.rf.3ba600170896e95fe9bcce5ca399ec00.jpg,0,0,1,0,0,1,0,1
laterite-92_jpg.rf.5afb9161553aea39a7ecf4c7aaec8e4e.jpg,1,0,0,1,0,0,1,0
laterite-84_jpg.rf.59afca2cbedce81cad5f9587752ce160.jpg,1,0,0,1,0,0,1,0
sandy-2_png.rf.b669ccc817a24741d498e091a50598f0.jpg,1,0,0,1,0,0,1,0
alluvial-63_jpg.rf.93a08369be89e2e518de3bd282a4d2bd.jpg,0,1,0,0,1,0,1,0
alluvial-3_png.rf.48713da1fe244f3269ef02a5e74a18bf.jpg,0,1,0,0,1,0,1,0
alluvial-27_jpg.rf.73c6e4d1a3b4f5770f312fda48890d5e.jpg,0,1,0,0,1,0,1,0
sandy-12_png.rf.f260237a9d34661f46b414ee1f3536b5.jpg,1,0,0,1,0,0,1,0
sandy-loam-30_jpg.rf.52a740c1419dd61ee6c77bd245a94262.jpg,0,1,0,1,0,0,0,1
laterite-90_jpg.rf.2b867fc92f3a936c1c913ebba16d6bae.jpg,1,0,0,1,0,0,1,0
clay-19_png.rf.c51eda0f30910ea2be5de1ec46125ef4.jpg,0,0,1,0,0,1,0,1
alluvial-20_jpg.rf.e49ba77c9aa838919b6bc9b9d63f6f04.jpg,0,1,0,0,1,0,1,0
loamy-82_jpg.rf.71404dc8b90cd3880cabd3ca806a99fb.jpg,0,0,1,0,0,1,0,1
loamy-89_jpg.rf.0ca436f083fcefb43fbc9b8f5ad77771.jpg,0,0,1,0,0,1,0,1
alluvial-65_jpg.rf.4b4226e521f545e35663597a7ece0e85.jpg,0,1,0,0,1,0,1,0
laterite-93_jpg.rf.7221cfa4cc91476c6667d095bf4031a5.jpg,1,0,0,1,0,0,1,0
laterite-96_jpg.rf.6839ca0c5fff171ce7850064f893a731.jpg,1,0,0,1,0,0,1,0
clay-23_png.rf.4a7598f05079ddcc2d17e305694bc36b.jpg,0,0,1,0,0,1,0,1
sandy-23_png.rf.4f51d595fd052e8229c6e5a73fd5a4be.jpg,1,0,0,1,0,0,1,0
laterite-97_jpg.rf.3dde20981aa8bb35f4f62cfd08420677.jpg,1,0,0,1,0,0,1,0
alluvial-43_jpg.rf.ba597f90d5c9aff63a860562027953cf.jpg,0,1,0,0,1,0,1,0
alluvial-29_jpg.rf.0e081cb75bb8379cf8cf04658bd3471a.jpg,0,1,0,0,1,0,1,0
sandy-loam-26_png.rf.2b2fb1778d9ab23ba3e933031d150c28.jpg,0,1,0,1,0,0,0,1
loamy-79_jpg.rf.24f7ffe07aff799b9a2bc3d7d050c999.jpg,0,0,1,0,0,1,0,1
alluvial-67_jpg.rf.d64aa6172baf054ccad725e1a88c42f2.jpg,0,1,0,0,1,0,1,0
clay-2_png.rf.2b3644da0fb018cc78cc577482986e4d.jpg,0,0,1,0,0,1,0,1
sandy-37_jpg.rf.5e88cfff3aa35403fd4b56ab4fb2a1e6.jpg,1,0,0,1,0,0,1,0
sandy-39_jpg.rf.0546de23305879d700a588e056fc1042.jpg,1,0,0,1,0,0,1,0
sandy-loam-80_png.rf.e6a169085d1ed78a40598b238a74fe63.jpg,0,1,0,1,0,0,0,1
loamy-9_jpg.rf.518a7edb1a62a8cdcd0c24596743802c.jpg,0,0,1,0,0,1,0,1
loamy-65_jpg.rf.76eda0a03e26f52f5e92f17c352fd152.jpg,0,0,1,0,0,1,0,1
alluvial-68_jpg.rf.47ce57975653787d83df50cbe51c8c76.jpg,0,1,0,0,1,0,1,0
loamy-28_jpg.rf.f60a3f0bf9cfac37cdb31ad218151171.jpg,0,0,1,0,0,1,0,1
loamy-91_jpg.rf.d32cb2364de610f1aa9dcb40a07f634e.jpg,0,0,1,0,0,1,0,1
laterite-88_jpg.rf.db60ef35bf1cf3f989e85d1c6d0804f5.jpg,1,0,0,1,0,0,1,0
loamy-85_jpg.rf.ddf1c66fc917cf1e8c31bb539cb1bdcc.jpg,0,0,1,0,0,1,0,1
sandy-27_png.rf.4fc65063c5fb89e6ce773fe0ace205ff.jpg,1,0,0,1,0,0,1,0
sandy-loam-76_png.rf.a5e00f6c0ca75407d612f1058269e9da.jpg,0,1,0,1,0,0,0,1
alluvial-23_jpg.rf.1d53634143cc2379050a7943915123f5.jpg,0,1,0,0,1,0,1,0
loamy-81_jpg.rf.295b0fd0778eaad9cb01b96f43b7a379.jpg,0,0,1,0,0,1,0,1
alluvial-73_jpg.rf.56e056b8e2cbeba7781ba56b12a43d31.jpg,0,1,0,0,1,0,1,0
alluvial-38_jpg.rf.250147c681ca4d85342db3d47ef48fdc.jpg,0,1,0,0,1,0,1,0
sandy-100_jpg.rf.22b9023186c7384186e39364e56bd0e5.jpg,1,0,0,1,0,0,1,0
loamy-33_jpg.rf.a63a29f29e0e209c8ad98507adc81178.jpg,0,0,1,0,0,1,0,1
sandy-loam-79_png.rf.27923931848f09711c12ee6618102fa6.jpg,0,1,0,1,0,0,0,1
clay-21_png.rf.f198e334f5260121ae9728f00ea3a2dc.jpg,0,0,1,0,0,1,0,1
sandy-38_jpg.rf.95110aaa5736b2847b2ffd66ffa3570c.jpg,1,0,0,1,0,0,1,0
loamy-39_jpg.rf.c61dce4db89aa608daa08636c37373cd.jpg,0,0,1,0,0,1,0,1
loamy-83_jpg.rf.d7a3345b2537176356576e89d7d1446c.jpg,0,0,1,0,0,1,0,1
sandy-loam-78_png.rf.9cb88774421afd8be1b98916d7c3e893.jpg,0,1,0,1,0,0,0,1
sandy-loam-77_png.rf.128f78492368a3fd1dcd1f427be4c3fc.jpg,0,1,0,1,0,0,0,1
alluvial-76_jpg.rf.1bc126a4ca7f01365943c11edd16b173.jpg,0,1,0,0,1,0,1,0
loamy-6_png.rf.abed474dd03dde38aaa473bc7c208a1a.jpg,0,0,1,0,0,1,0,1
loamy-61_jpg.rf.d627ed81994a77cdb77297efb517e401.jpg,0,0,1,0,0,1,0,1
alluvial-70_jpg.rf.24c1dd9fa568886482a5bdef97dd1165.jpg,0,1,0,0,1,0,1,0
loamy-66_jpg.rf.210260f54c3d498f8ccba0f3b8c9a2fa.jpg,0,0,1,0,0,1,0,1
alluvial-45_jpg.rf.7ca670f1c1b8327a866ee3c1959115da.jpg,0,1,0,0,1,0,1,0
alluvial-71_jpg.rf.212085e3bdac87c09884a7a81188760e.jpg,0,1,0,0,1,0,1,0
loamy-67_jpg.rf.d3c007c85b9ac5158f0e01c2ef3b18c4.jpg,0,0,1,0,0,1,0,1
alluvial-42_jpg.rf.c49bc5d5109b3e3b67b43b19b4730bd7.jpg,0,1,0,0,1,0,1,0
laterite-1_png.rf.330b5bfcf0eb4afe1cfe43642b90eb21.jpg,1,0,0,1,0,0,1,0
loamy-90_jpg.rf.8c59501fe16ec33c1ad9511511e6b3ca.jpg,0,0,1,0,0,1,0,1
alluvial-70_jpg.rf.831df273bae65e8e41f9f7c7517013f5.jpg,0,1,0,0,1,0,1,0
loamy-63_jpg.rf.e1f2befbba459dd3b28d71ca4e026c5f.jpg,0,0,1,0,0,1,0,1
alluvial-39_jpg.rf.bb5820ff911400624db980400c0ad712.jpg,0,1,0,0,1,0,1,0
alluvial-49_jpg.rf.fdfe9430994b674603e4694d13bfd66b.jpg,0,1,0,0,1,0,1,0
alluvial-71_jpg.rf.18ba6254ee44793abec3516d95017240.jpg,0,1,0,0,1,0,1,0
alluvial-47_jpg.rf.20d84573691e068dbe9e0caedd45ac8b.jpg,0,1,0,0,1,0,1,0
alluvial-31_jpg.rf.0a7c2975607b7b7d780d6b3c33c9a239.jpg,0,1,0,0,1,0,1,0
alluvial-59_jpg.rf.177655dae19d4ea1706b79e0d7b08e95.jpg,0,1,0,0,1,0,1,0
sandy-22_png.rf.262bc0a1356bebfa8e0ee8c6d480f485.jpg,1,0,0,1,0,0,1,0
sandy-25_png.rf.925e81bb1efbdffc2a4d4f7faa3a9a74.jpg,1,0,0,1,0,0,1,0
sandy-10_png.rf.417bdbfd2519877f95a3701f06760a9f.jpg,1,0,0,1,0,0,1,0
loamy-93_jpg.rf.a23f871d082b719a4a492124dfc6469d.jpg,0,0,1,0,0,1,0,1
alluvial-74_jpg.rf.c1cf39ca20dfe7978b7ec98bdea76d49.jpg,0,1,0,0,1,0,1,0
loamy-92_jpg.rf.1c1c2b02335832bd66ecda90a660c212.jpg,0,0,1,0,0,1,0,1
alluvial-74_jpg.rf.7630c90eaad2f5800a2940a81fa1d23b.jpg,0,1,0,0,1,0,1,0
sandy-1_png.rf.098adf0d88d62861b2f330c176d95b6c.jpg,1,0,0,1,0,0,1,0
loamy-97_jpg.rf.663fda3b22907e12879e1fe271821dda.jpg,0,0,1,0,0,1,0,1
alluvial-82_jpg.rf.56a3e203162520c645de1ce9e057139c.jpg,0,1,0,0,1,0,1,0
sandy-24_png.rf.cdb9a86de286094ddb35ff7b82669365.jpg,1,0,0,1,0,0,1,0
sandy-loam-82_png.rf.8a77f9cdb3091c48f8075d49172434a5.jpg,0,1,0,1,0,0,0,1
sandy-11_png.rf.5538c6770a4f95fe8ab2fb988e8754f7.jpg,1,0,0,1,0,0,1,0
alluvial-53_jpg.rf.4acf8fae9bfc00f2248f761fbbc15d9c.jpg,0,1,0,0,1,0,1,0
alluvial-73_jpg.rf.5df2828fc8bee914a470a439f4ae1b12.jpg,0,1,0,0,1,0,1,0
loamy-71_jpg.rf.ef10de235754c235ab084ad77dbe50ec.jpg,0,0,1,0,0,1,0,1
alluvial-74_jpg.rf.c00207e6ad22e48410f96573fcf039c8.jpg,0,1,0,0,1,0,1,0
sandy-loam-81_png.rf.4a52eb426496860c822617d79a0daad0.jpg,0,1,0,1,0,0,0,1
loamy-68_jpg.rf.6b0d4b2ff017bb9d0a6631ed441c3d40.jpg,0,0,1,0,0,1,0,1
alluvial-79_jpg.rf.6e2a2f32f9b4565f83cb62532b29d028.jpg,0,1,0,0,1,0,1,0
alluvial-80_jpg.rf.5185e99fac9b7793457c54c78d15ff70.jpg,0,1,0,0,1,0,1,0
alluvial-83_jpg.rf.7864e9d687574f4495d7589a6645fa11.jpg,0,1,0,0,1,0,1,0
alluvial-57_jpg.rf.906a52abf9de24ef2fd65ff97f60d787.jpg,0,1,0,0,1,0,1,0
alluvial-84_jpg.rf.75ef894ad806fc72b86b765ca476b1cb.jpg,0,1,0,0,1,0,1,0
alluvial-5_png.rf.0f020dcc657fe3116655b061f33cb6e9.jpg,0,1,0,0,1,0,1,0
laterite-11_png.rf.d751f865e32f55228494bfa6dca12254.jpg,1,0,0,1,0,0,1,0
alluvial-7_png.rf.7dc30168e74177da4e8ed4861bf6d7cb.jpg,0,1,0,0,1,0,1,0
alluvial-31_jpg.rf.bde320fd967e1c445fff8b3b7a50a575.jpg,0,1,0,0,1,0,1,0
loamy-77_jpg.rf.02dc6679f21959947f41f35119259bc2.jpg,0,0,1,0,0,1,0,1
loamy-70_jpg.rf.dfe7806ba3f9975580e086e432b120b0.jpg,0,0,1,0,0,1,0,1
laterite-12_png.rf.4b9c87ae80ee208da764dd1ca84cfd22.jpg,1,0,0,1,0,0,1,0
alluvial-76_jpg.rf.3b19d09d513b42d93d6f9661ad0b1c59.jpg,0,1,0,0,1,0,1,0
alluvial-89_jpg.rf.b6f7ccbc120d71e0a2fb557c53a3b62a.jpg,0,1,0,0,1,0,1,0
alluvial-77_jpg.rf.96461544d69333c2ee52d6ec90b3b124.jpg,0,1,0,0,1,0,1,0
alluvial-3_png.rf.7974f9eaec80da2fa2d6c1f2888f0838.jpg,0,1,0,0,1,0,1,0
sandy-loam-85_png.rf.9d13bd44914047df1baa698638a85f80.jpg,0,1,0,1,0,0,0,1
loamy-69_jpg.rf.47621acab9aa3a2d4efc707cdf2b208b.jpg,0,0,1,0,0,1,0,1
sandy-loam-86_png.rf.d518b872633e76fee84d5a68beba8a71.jpg,0,1,0,1,0,0,0,1
alluvial-76_jpg.rf.a555e42de4c1f29ca75d4b56d683b60f.jpg,0,1,0,0,1,0,1,0
alluvial-63_jpg.rf.5e18b428f40b90652bc84269067bef15.jpg,0,1,0,0,1,0,1,0
loamy-72_jpg.rf.3efa895a81a6a7ebf042a80134d8ed50.jpg,0,0,1,0,0,1,0,1
sandy-loam-88_png.rf.6c738ae29cea3b258f154b45b1d11116.jpg,0,1,0,1,0,0,0,1
alluvial-79_jpg.rf.60b9f0dc2ff81a96934634adb4c7d016.jpg,0,1,0,0,1,0,1,0
loamy-63_jpg.rf.0e091ce49d3b52fae75dcce631d67a7f.jpg,0,0,1,0,0,1,0,1
laterite-20_png.rf.44e65a3d359e73c6e26a66e20cdd0eff.jpg,1,0,0,1,0,0,1,0
sandy-loam-87_png.rf.522aa4912863f74f8dedfa68f84973d8.jpg,0,1,0,1,0,0,0,1
alluvial-71_jpg.rf.0850a8ccd02ee4467c9013676181f860.jpg,0,1,0,0,1,0,1,0
alluvial-79_jpg.rf.20f68e961d8603e022d5c3b9f8fddfb4.jpg,0,1,0,0,1,0,1,0
alluvial-80_jpg.rf.cd7b74081e093b5761d383517c5ed2f4.jpg,0,1,0,0,1,0,1,0
laterite-2_png.rf.20ffbcb28135fcdbd17e6e83ff95330b.jpg,1,0,0,1,0,0,1,0
loamy-65_jpg.rf.9969bcd9f0c1f5ce3cceaff91f4d08c0.jpg,0,0,1,0,0,1,0,1
loamy-74_jpg.rf.efbed647d824391d8b2a5e4c6dcd41e0.jpg,0,0,1,0,0,1,0,1
alluvial-82_jpg.rf.c2acd198639f1164afb859bdb5525839.jpg,0,1,0,0,1,0,1,0
laterite-14_png.rf.a7876ca2286142985b7dfc24db8ae7b6.jpg,1,0,0,1,0,0,1,0
clay-2_png.rf.f6fa140d88d96170161fb271166f115b.jpg,0,0,1,0,0,1,0,1
alluvial-68_jpg.rf.922361bca6c35dd9db52975c564f1750.jpg,0,1,0,0,1,0,1,0
alluvial-77_jpg.rf.2fa0bff69bc2c26d26f731c4130a6056.jpg,0,1,0,0,1,0,1,0
sandy-loam-83_jpg.rf.ba02ade86af9cff411087180d57d8f02.jpg,0,1,0,1,0,0,0,1
alluvial-83_jpg.rf.f97cfd0cef4528b3e3c945e7d880afa2.jpg,0,1,0,0,1,0,1,0
alluvial-78_jpg.rf.13cef59044cd80d842ddb09a5f3b1f5e.jpg,0,1,0,0,1,0,1,0
alluvial-77_jpg.rf.384bf49c6fc71c30e7f6bf96d1ecc976.jpg,0,1,0,0,1,0,1,0
loamy-76_jpg.rf.663057e28d4d6447db1051edd8b11578.jpg,0,0,1,0,0,1,0,1
alluvial-80_jpg.rf.89d7dba41a046cd7bc437df3dc7f2c2d.jpg,0,1,0,0,1,0,1,0
alluvial-61_jpg.rf.be2886e204e7cf201a68d0e1eb04c2fc.jpg,0,1,0,0,1,0,1,0
loamy-69_jpg.rf.4ea8f13c9b26f90a5b23528ab5bd4c22.jpg,0,0,1,0,0,1,0,1
alluvial-85_jpg.rf.ccd56b65a7749a6ef0e273f49d61688d.jpg,0,1,0,0,1,0,1,0
alluvial-78_jpg.rf.0b85b67aa604ee579cd1aecb9913b8b7.jpg,0,1,0,0,1,0,1,0
alluvial-7_png.rf.eefd5bd3410ff230332f73d898e6918f.jpg,0,1,0,0,1,0,1,0
laterite-16_png.rf.5f216789855626bb1db8ac1534e7975c.jpg,1,0,0,1,0,0,1,0
alluvial-86_jpg.rf.7ca2c3cbe36b7720f66c10c7cf38faae.jpg,0,1,0,0,1,0,1,0
alluvial-85_jpg.rf.b87cad9416d90c0d537356b906c5f247.jpg,0,1,0,0,1,0,1,0
clay-24_png.rf.38cda88a8d3186c31b7d02e49a267940.jpg,0,0,1,0,0,1,0,1
alluvial-95_jpg.rf.a2d13b98dea3e017fa19b31b2ac9896a.jpg,0,1,0,0,1,0,1,0
laterite-54_jpg.rf.3a66b63dd3ebec38d9c0c79db26ff2e0.jpg,1,0,0,1,0,0,1,0
clay-22_png.rf.74a511b47cd7cc7342060c28ae8e060b.jpg,0,0,1,0,0,1,0,1
alluvial-73_jpg.rf.f6e2ee6ac849c5eb07f4c4ec9b90e201.jpg,0,1,0,0,1,0,1,0
loamy-68_jpg.rf.7b00d3150b3810ac787fba0bd05ca237.jpg,0,0,1,0,0,1,0,1
alluvial-70_jpg.rf.8e25321d1fd3a23f040b3474017fe6c0.jpg,0,1,0,0,1,0,1,0
alluvial-94_jpg.rf.c2d7e2b2a1c355619e3bca4ebb2dcd5e.jpg,0,1,0,0,1,0,1,0
alluvial-97_jpg.rf.87a6fb21f403a4755d0a95459b8f420e.jpg,0,1,0,0,1,0,1,0
laterite-18_png.rf.e31bdc21aae21689de2d23e6de514039.jpg,1,0,0,1,0,0,1,0
alluvial-90_jpg.rf.492005873d5d88fdd4b0a3ea5e6f9c57.jpg,0,1,0,0,1,0,1,0
loamy-75_jpg.rf.4d05abe2c84da0aa2c3df325bddb3a7f.jpg,0,0,1,0,0,1,0,1
clay-25_png.rf.e83a6d72e53e27ba54b71db100bac4ac.jpg,0,0,1,0,0,1,0,1
sandy-32_jpg.rf.04732011885cc7502768ff4f10877a9b.jpg,1,0,0,1,0,0,1,0
alluvial-67_jpg.rf.b3a4ee6f23bc77311466db6ee480ee47.jpg,0,1,0,0,1,0,1,0
loamy-71_jpg.rf.0bcd9daa52cbfb187fdfbdefd398196a.jpg,0,0,1,0,0,1,0,1
alluvial-87_jpg.rf.562d9fa7585dff95a39009ba702631c8.jpg,0,1,0,0,1,0,1,0
alluvial-65_jpg.rf.961c5df8aa9457cbeede017eaa596ddc.jpg,0,1,0,0,1,0,1,0
laterite-21_png.rf.fa67b4940b04a169d39b99e50a1fb370.jpg,1,0,0,1,0,0,1,0
loamy-70_jpg.rf.e2815dd484514d17880170354f0eba7f.jpg,0,0,1,0,0,1,0,1
loamy-66_jpg.rf.9b0c15590893bea4ace211dff0108890.jpg,0,0,1,0,0,1,0,1
alluvial-84_jpg.rf.faef3a32e0ae13d1f38255c6518a9f39.jpg,0,1,0,0,1,0,1,0
clay-21_png.rf.740ab793b684eca6891198dd10f2c7c0.jpg,0,0,1,0,0,1,0,1
loamy-72_jpg.rf.86f55874538545ced7f02c6f88c77460.jpg,0,0,1,0,0,1,0,1
alluvial-97_jpg.rf.5ef7a2714f8a5f956090ff8c66ff6b56.jpg,0,1,0,0,1,0,1,0
alluvial-94_jpg.rf.72d4d7e2a323122104d33010076bb6f5.jpg,0,1,0,0,1,0,1,0
alluvial-94_jpg.rf.3fd06d08f5a943d500d8b1936b730d20.jpg,0,1,0,0,1,0,1,0
alluvial-90_jpg.rf.98d073ff04fccafaed1c034a0e2f67f6.jpg,0,1,0,0,1,0,1,0
clay-23_png.rf.12a8d38af9e7839a876fddeed13a35ff.jpg,0,0,1,0,0,1,0,1
sandy-34_jpg.rf.1ddeedd97d8ee47c06e4e6fcd6ca09aa.jpg,1,0,0,1,0,0,1,0
laterite-23_png.rf.9a6faceb720a786e7c3542bd889b9de4.jpg,1,0,0,1,0,0,1,0
clay-26_png.rf.b87fe210ad16f9f8182934bacececa2e.jpg,0,0,1,0,0,1,0,1
sandy-35_jpg.rf.b0b101916f0d53690dae057df4b5f757.jpg,1,0,0,1,0,0,1,0
laterite-6_png.rf.64780a9aa45cd8675a6c7ce3d2b6393e.jpg,1,0,0,1,0,0,1,0
loamy-73_jpg.rf.039dffee86ea5947ffad7c0e4dbf2433.jpg,0,0,1,0,0,1,0,1
loamy-80_jpg.rf.ef78f5d5854c507c988fb588126a7ed2.jpg,0,0,1,0,0,1,0,1
loamy-67_jpg.rf.0a65abe8116b131f4304f8026767caa2.jpg,0,0,1,0,0,1,0,1
loamy-73_jpg.rf.ab21717ce48414d5ab31a8255513dffb.jpg,0,0,1,0,0,1,0,1
loamy-61_jpg.rf.45307c8094abb537d3c85dc4721b9afc.jpg,0,0,1,0,0,1,0,1
alluvial-87_jpg.rf.c38ccfd5ec215318126d45894ed0b854.jpg,0,1,0,0,1,0,1,0
alluvial-89_jpg.rf.2117017e72fcf33f59490a1f9b56c810.jpg,0,1,0,0,1,0,1,0
laterite-41_jpg.rf.dfd08d9d79f7c0e315dbeb78980c27ad.jpg,1,0,0,1,0,0,1,0
alluvial-6_png.rf.59bdb6f15af3c3081faa798f013af2ab.jpg,0,1,0,0,1,0,1,0
loamy-77_jpg.rf.ecfc372a754efa2d79f15d024b2149db.jpg,0,0,1,0,0,1,0,1
laterite-38_jpg.rf.0edf0baf70496aec4fb1c0ebf2e81114.jpg,1,0,0,1,0,0,1,0
laterite-60_jpeg.rf.df121849cc32d7a0cda1ce0269eff938.jpg,1,0,0,1,0,0,1,0
alluvial-92_jpg.rf.945c5e0f673dc02c38e8b02eeb28d643.jpg,0,1,0,0,1,0,1,0
loamy-8_png.rf.f156b208834c27a36abed95e60074b8b.jpg,0,0,1,0,0,1,0,1
alluvial-95_jpg.rf.ee23123365e15a23efca4070c0f7ed9e.jpg,0,1,0,0,1,0,1,0
alluvial-78_jpg.rf.66a9c5ce453473c5d72a575c1c85751d.jpg,0,1,0,0,1,0,1,0
sandy-28_png.rf.00ce93eb2abb8bdbd7213c75d1bf3365.jpg,1,0,0,1,0,0,1,0
alluvial-99_png.rf.ddd38c31d71f1e55d8a4272b3e973d32.jpg,0,1,0,0,1,0,1,0
alluvial-93_jpg.rf.212ed91b755323393114db02ccdc23d2.jpg,0,1,0,0,1,0,1,0
laterite-37_jpg.rf.f8361dfc0e55bbc014a971543abb533d.jpg,1,0,0,1,0,0,1,0
laterite-36_jpg.rf.33c5710bf4bd7a63809cff143eb311a3.jpg,1,0,0,1,0,0,1,0
laterite-58_jpg.rf.6cda3af89042383d355560e7758f70b4.jpg,1,0,0,1,0,0,1,0
laterite-65_jpg.rf.1d45bbcdc39c596ef386ab829c9018ff.jpg,1,0,0,1,0,0,1,0
alluvial-86_jpg.rf.569ff5e444454cf108dd0d282718962c.jpg,0,1,0,0,1,0,1,0
laterite-35_jpg.rf.f2b18dade02cbe4d192229c595ce3464.jpg,1,0,0,1,0,0,1,0
loamy-75_jpg.rf.6d14eb7dcb1e48910903c7e9abccb242.jpg,0,0,1,0,0,1,0,1
laterite-64_jpg.rf.97ff9c4ebac6279a45ef33a003994b1a.jpg,1,0,0,1,0,0,1,0
laterite-42_jpg.rf.ffe821362222128e740c04c72f180f5e.jpg,1,0,0,1,0,0,1,0
alluvial-93_jpg.rf.e96f04c87f84dc91245a40ff9ce97fce.jpg,0,1,0,0,1,0,1,0
laterite-3_png.rf.39648c50977b22fcf982b956933c73e1.jpg,1,0,0,1,0,0,1,0
sandy-31_png.rf.2b17e5043ee6a0fb217aceddf4458810.jpg,1,0,0,1,0,0,1,0
alluvial-93_jpg.rf.9b7278f7c555e62e6a7955f974b05a1f.jpg,0,1,0,0,1,0,1,0
laterite-56_jpg.rf.ee1a7745fa8f639fea967cc3e6ba4a9c.jpg,1,0,0,1,0,0,1,0
laterite-33_jpg.rf.669f5f4d63f1c4e2838b1821f5a959b8.jpg,1,0,0,1,0,0,1,0
loamy-76_jpg.rf.56dd6c87dc12f7fdda83793c58275be3.jpg,0,0,1,0,0,1,0,1
laterite-69_jpg.rf.b63ea1a5a7c18913c2d2060bd2e31733.jpg,1,0,0,1,0,0,1,0
sandy-58_jpg.rf.39e01345a439cefadec873cd2681a7b5.jpg,1,0,0,1,0,0,1,0
laterite-62_jpg.rf.aa3c66b5fee8051e6cc15e51148b78cb.jpg,1,0,0,1,0,0,1,0
laterite-26_png.rf.023b302913747c7c7f4dd115ffbe17fb.jpg,1,0,0,1,0,0,1,0
laterite-30_jpg.rf.b64cd15f95a3c6438a95f3f0b6814026.jpg,1,0,0,1,0,0,1,0
alluvial-99_png.rf.e5f40d9ce7c2dff5405cb4ecb87edd4b.jpg,0,1,0,0,1,0,1,0
sandy-14_png.rf.efeeea7ec8cb84a4fe1588f1dea5e3df.jpg,1,0,0,1,0,0,1,0
loamy-79_jpg.rf.b3943dc9bddc4a1155a05831be79b941.jpg,0,0,1,0,0,1,0,1
laterite-28_png.rf.46950a0f0b049430498f5da854555cdc.jpg,1,0,0,1,0,0,1,0
sandy-16_png.rf.85e2e590d404f49cb76cf2fa26b327bc.jpg,1,0,0,1,0,0,1,0
laterite-15_png.rf.16ee42bbe6452e1689f93017affd3caa.jpg,1,0,0,1,0,0,1,0
alluvial-98_jpg.rf.c26e5f8c8afeb8c459f2803bf9006f35.jpg,0,1,0,0,1,0,1,0
laterite-61_jpeg.rf.a61c987fa054e91ba6318b82ad5ccd1d.jpg,1,0,0,1,0,0,1,0